en_Tienda,edad,articulo,monto,region
0,60,8,2103.8,3
1,58,4,968.38,3
0,51,7,143.59,2
1,40,7,863.82,3
0,41,4,915.21,1
0,79,6,426.17,2
0,79,1,471.43,2
0,31,3,115.52,2
0,29,6,129.25,4
1,25,6,1025.9,1
0,57,2,1384.7,3
0,55,6,352.82,2
0,58,1,450.41,2
0,73,5,416.93,2
0,60,3,638.38,3
1,35,4,1740.1,4
1,32,4,1308.3,1
1,50,4,749.37,3
1,25,4,1854.8,4
1,48,8,707.09,1
1,35,1,965.75,4
0,56,5,15.86,2
0,50,8,152.97,2
0,71,6,74.1,2
1,59,1,344.11,3
1,72,1,919.24,1
0,62,5,381.25,2
1,37,1,361.42,4
0,25,2,569.47,4
1,47,4,480.06,3
1,74,7,896.37,1
0,20,8,114.6,3
0,37,7,234.27,2
1,38,2,734.63,1
0,51,2,1213.5,4
0,42,2,937.62,1
1,43,6,1416.7,4
0,28,4,97.31,2
1,21,4,1431.4,1
1,30,7,514.6,4
0,53,8,1085,1
0,31,6,377.83,2
1,33,7,890.63,3
0,36,3,1528,4
0,34,3,1040.8,3
0,56,3,807.78,4
0,37,4,1319.9,4
0,72,8,143.54,2
1,36,3,658.4,3
0,39,1,497.33,2
0,64,6,87.61,2
1,44,7,1346,4
1,28,6,143.26,4
1,39,6,1090.7,4
0,31,3,13.83,2
1,27,1,385.71,3
0,52,2,1423,4
1,63,6,227.45,3
0,27,4,2851.3,4
0,69,5,83.12,2
0,46,2,483.55,2
1,32,4,1075,4
0,47,1,2294.6,4
0,49,2,2318.6,4
1,73,1,484.74,1
0,23,5,542.84,4
1,46,1,1243,1
0,34,7,758.79,1
1,20,4,1090.5,4
1,36,6,658.17,1
1,34,6,414.22,1
1,38,6,555.77,4
1,37,2,1157.1,4
0,34,7,850.26,3
1,49,6,277.02,3
0,45,3,220.23,2
0,59,6,2914.3,4
1,58,2,611.58,3
1,34,4,397.38,4
0,30,6,363.88,2
0,46,2,124.11,2
0,18,6,714.21,4
0,34,3,176.78,2
1,42,5,1928.6,4
0,19,8,2338.2,4
0,52,6,181.2,4
1,34,3,1344.1,4
1,39,8,665.3,1
0,44,7,658.44,1
0,46,3,307.04,2
0,57,6,316.31,1
1,55,6,1826.1,4
1,25,2,915.21,1
1,31,6,433.19,4
0,41,7,2766.5,3
1,35,7,1068,1
1,39,2,585.36,3
0,25,8,561.22,3
1,53,8,1693.5,4
0,74,5,361.46,2
1,20,8,287.49,4
1,40,4,778.92,1
0,84,7,11.52,2
1,45,1,959.29,1
0,29,2,483.71,2
1,30,7,938.64,1
0,35,7,411.92,2
1,26,3,1403.3,1
1,40,3,420.28,4
0,22,6,1439.4,3
1,22,6,1364.9,1
1,61,5,137.64,3
0,20,5,851.72,3
1,35,2,1595.4,4
1,49,6,975.6,1
0,57,7,965.08,4
1,69,6,119.84,1
1,47,4,519.58,1
1,46,4,1525.7,4
0,29,5,91.45,2
0,46,2,178.28,3
0,48,3,51.4,1
1,46,2,1466.9,4
1,61,4,296.56,3
0,64,6,8.04,2
0,52,1,2365.3,4
1,39,3,1301.5,4
0,55,2,1913.8,3
0,31,2,78.77,2
1,44,8,855.49,3
0,21,3,2094.1,4
0,31,2,358.44,2
1,52,4,182.66,3
0,38,6,2072.3,3
0,32,6,512.13,4
1,54,7,1313.8,4
0,44,6,474.44,2
0,18,6,1543.3,4
0,53,6,158.23,4
1,63,5,867.53,3
0,63,4,474.92,2
0,49,3,1040.5,4
0,34,6,1534.5,4
0,37,4,1480.5,3
0,39,4,129.33,2
1,46,2,1595.5,4
1,56,7,424.65,3
0,56,4,476.01,1
0,41,6,119.87,2
1,74,4,380.46,3
1,47,5,1528.3,4
1,48,7,354.38,1
1,57,6,427.88,3
0,52,6,1473.3,4
1,35,2,1499.5,4
1,68,6,859.63,1
0,25,8,1700.5,4
0,63,1,303.14,2
0,65,5,121.3,2
0,53,3,1099.9,3
0,27,3,716.18,4
0,45,2,493.1,4
1,19,3,1490.7,1
0,45,6,346.57,2
1,38,4,922.34,3
0,81,3,263.61,2
1,27,1,1876.1,4
1,41,7,146.07,3
1,40,2,65.61,1
0,56,8,394.98,2
0,34,5,318.73,2
1,44,7,799.22,4
0,57,7,407.01,2
1,19,7,406.87,4
1,38,3,85.03,1
0,33,7,977.49,1
0,81,4,300.92,2
0,74,7,173,2
0,51,7,2542.6,4
0,21,6,706.93,4
0,48,4,723.12,1
0,82,7,162.73,2
1,53,5,1611,1
0,44,5,198.3,2
0,54,5,341.03,2
0,28,4,1750.6,4
0,52,2,839.5,3
1,61,7,413.76,1
1,57,8,530.08,3
0,67,4,435.31,2
1,26,5,828.08,3
0,82,8,480.23,2
0,45,3,103.43,2
1,57,6,312.17,1
1,23,2,1658.7,4
0,64,4,10.16,2
0,83,2,296.49,2
0,31,3,1496.4,3
1,43,4,755.59,1
0,68,5,230.11,2
1,45,7,1741.8,1
0,50,8,2789.9,3
0,29,8,364.8,2
1,63,8,502.61,3
0,73,2,312.03,2
1,27,8,209.06,3
1,45,4,328.96,4
0,43,8,22.98,2
0,51,7,96.33,2
0,35,7,221.65,2
1,71,4,894.57,3
1,39,5,280.92,3
1,71,4,619.41,1
0,58,6,1473.2,4
0,83,3,182.19,2
0,54,2,300,2
0,29,8,455.4,2
1,58,6,173.65,1
0,40,6,795.18,1
1,32,8,580.2,1
1,42,1,1343.6,1
1,41,5,817.65,1
0,19,4,1163.8,1
0,39,5,182.61,2
1,29,7,728.85,4
0,47,3,952.42,4
1,33,2,748.29,4
1,35,3,481.67,3
1,19,6,1423.4,4
1,61,6,724.35,3
0,22,2,496.96,4
0,41,5,679.56,3
0,43,4,99.78,2
0,56,2,64.25,2
1,51,5,886.59,4
1,42,7,283.29,4
0,44,5,128.99,2
1,21,2,1327.4,1
0,40,4,189.95,4
0,28,3,2712.8,4
1,50,6,820.96,1
1,70,4,260.3,1
0,53,7,21.26,2
1,26,1,414.09,4
1,41,6,451.59,4
0,57,4,496.77,4
1,34,6,400.43,4
0,29,6,994.08,1
1,55,2,716.34,3
1,42,1,1447.9,1
0,41,5,158.28,2
0,53,2,1810.7,4
1,46,5,1701.5,4
1,40,5,407.9,4
1,69,3,853.6,3
0,46,6,2836.4,4
1,69,1,965.57,3
1,34,4,891.14,1
1,67,7,943.49,3
0,55,3,179.64,4
1,51,4,1670.3,4
1,32,4,65.29,4
1,59,2,315.48,1
0,47,3,226.62,2
0,57,8,462.21,2
1,67,7,730.65,3
1,47,8,1327.9,4
0,40,7,9.6,2
1,34,3,828.51,1
1,30,5,1665.1,4
0,43,3,650.78,4
0,36,3,1189.8,3
0,53,6,334.17,2
1,24,5,333.82,4
1,24,5,1706.2,1
1,47,4,321.09,3
1,30,3,509.25,3
1,62,8,892.98,3
1,27,3,939.82,4
1,43,1,333.98,4
0,62,7,175.54,2
0,43,2,411.98,2
1,39,8,226.3,1
0,46,8,1971.9,4
0,70,4,21.66,2
1,57,2,94.37,1
0,26,5,1605.6,4
0,43,4,1438.5,4
0,62,2,235.97,2
1,33,7,1182.5,4
1,28,3,783.84,4
0,22,6,2660.2,3
0,40,3,312.23,4
0,58,7,2586.8,4
1,31,6,693.82,1
0,45,7,633.74,4
1,33,4,1478.4,4
1,41,7,57.33,1
0,77,3,235.2,2
0,27,2,2718.1,3
1,37,5,808.75,3
0,51,3,1363.8,4
0,60,3,1396.9,4
0,44,6,2318.7,4
1,29,7,381.64,3
0,63,6,224.31,2
0,37,4,2626.9,4
0,34,4,272.95,2
0,73,3,492.81,1
0,57,7,259.92,2
0,59,6,1390,3
1,44,8,730.85,1
0,49,2,332.1,2
0,54,6,405.74,2
0,72,4,432.54,2
0,57,3,568.47,4
0,57,4,708.22,4
1,46,6,1258.6,4
1,69,5,555.94,1
0,32,1,20.43,2
1,25,3,1674.1,4
0,56,3,104.56,1
0,57,5,1508.6,4
1,38,4,1800.3,4
0,34,3,483.7,2
1,24,2,176.31,4
0,38,1,1894.4,4
1,30,6,983.83,3
1,51,5,928.45,4
0,24,7,2511.5,4
1,55,4,202.61,1
1,31,4,1528.1,4
1,55,4,942.03,3
1,71,4,404.78,3
0,61,3,1282.3,4
1,52,2,851.06,4
1,69,4,252.3,1
1,67,3,704.08,3
1,34,1,1890.5,4
1,73,3,487.76,3
0,37,5,2612,4
0,59,7,2070.7,4
0,45,4,105.69,2
1,29,2,1967.3,1
1,32,6,256.82,3
1,28,4,281.96,1
0,78,5,491.27,2
1,23,7,154.43,4
1,48,5,160.67,4
0,34,4,1270.3,4
0,60,6,32.41,2
1,33,4,227,3
1,33,1,216.31,1
0,53,6,237.2,2
0,60,5,2380.1,4
0,25,1,2451.2,4
0,33,4,824.34,4
1,73,5,775.97,1
1,53,2,456.37,3
0,69,8,340.68,2
0,62,7,388.79,2
1,30,8,1623.6,1
0,77,5,99.17,2
0,26,1,2410.7,4
0,50,6,205.2,1
0,35,4,927.07,1
0,44,1,816.71,1
0,41,2,17.63,2
0,61,5,516.54,4
1,29,6,98.33,1
1,74,6,807.91,1
1,33,6,841.27,1
1,50,8,133.95,4
1,63,7,940.89,3
0,76,4,213.4,2
1,20,6,1388.8,4
0,56,2,613.87,1
0,33,2,296.26,2
0,62,1,469.86,2
0,52,8,991.15,4
0,32,2,281.36,2
1,47,8,694.76,1
1,20,3,1162.1,4
1,54,6,719.26,3
1,21,2,1405,4
0,47,4,254.59,2
1,50,7,1184.9,4
1,29,6,998.88,4
1,50,2,1663.9,4
1,57,6,256.93,3
0,56,7,397.26,4
1,20,6,219.8,1
1,48,2,1795.1,4
1,40,5,797.99,3
0,55,4,187.26,2
0,73,6,209.71,2
1,25,6,459.88,3
0,45,3,2971.6,3
1,63,2,845.33,1
0,35,6,110.16,1
0,33,7,14.77,2
1,48,2,560.36,4
0,28,2,885.92,1
1,45,4,1648.2,4
1,25,6,492.31,1
0,71,4,65.45,2
0,37,8,1677.5,4
1,52,1,1573.9,4
1,51,6,250.21,4
1,28,2,635.51,4
0,58,7,2353.3,3
0,35,1,478.53,4
0,47,8,2734.4,3
0,43,2,150.11,2
1,47,8,1821.6,4
1,38,2,310.45,1
1,51,7,571.34,4
0,51,3,1682.9,4
1,37,6,681.68,1
0,75,3,225.97,2
1,46,3,874.9,1
0,57,1,1851.8,3
1,26,7,255.11,1
0,32,4,63.57,2
0,50,5,332.36,2
0,42,2,672.91,3
1,51,4,637.1,3
1,68,8,552.3,1
1,46,8,1317.2,4
0,30,3,792.15,3
1,54,5,432.33,4
0,72,3,451.34,2
0,32,7,1110.9,4
1,51,6,1537.4,4
1,38,3,1083.1,4
1,28,3,836.8,1
0,41,3,472.66,2
1,44,8,524,1
1,26,1,862.74,1
1,36,6,164.62,3
1,63,2,493.57,1
0,59,5,182.89,2
1,54,6,1813.1,1
0,82,4,377.09,2
0,25,7,1410.4,1
0,48,7,2386.9,4
1,31,3,103.24,1
0,85,2,24.23,2
1,50,2,1034.9,4
0,53,3,455.21,2
0,62,3,164.79,1
0,25,2,517.05,1
0,53,6,1578.1,4
0,58,3,300.8,2
0,43,3,2557.4,4
0,38,1,2115.3,4
0,73,1,239.49,2
1,49,7,757.49,4
0,37,1,392.65,2
1,46,2,1918.9,4
0,28,1,2931.7,4
0,83,1,474.47,2
0,25,6,2759.7,3
0,39,3,780.81,4
0,48,6,440.69,2
1,29,4,273.46,1
1,43,7,106.34,1
1,40,4,230.61,1
1,56,3,334.58,3
1,73,4,624.5,3
0,42,4,131.32,2
1,49,4,769.52,4
1,47,5,736.45,3
0,60,3,1836.9,3
1,40,6,223.12,3
1,46,7,1778.2,4
1,46,7,1961.6,4
1,68,4,981.13,3
1,41,6,1043,4
0,53,7,169.2,3
1,53,6,268.98,4
1,36,4,387.03,3
0,26,2,2124.8,3
0,57,2,1490.5,4
0,51,8,1941,4
0,76,4,250.39,2
0,69,8,201.21,2
0,44,6,13.09,2
0,71,8,138,2
0,22,3,524.68,3
1,26,5,894.57,3
0,40,4,2921.8,3
0,25,2,913.88,1
0,53,7,847.97,1
0,43,4,877.16,1
0,51,5,40.15,2
0,43,5,280.51,2
0,19,3,394.7,4
0,39,8,531.4,1
0,29,4,357.48,2
0,49,4,1461.3,3
1,34,4,114.97,3
0,27,8,460.37,4
1,59,4,252.34,1
1,67,4,56.46,1
0,43,1,299.96,2
1,38,4,470.15,3
0,56,7,94.05,2
1,63,4,278.56,1
1,38,5,204.67,3
0,58,8,2216.5,4
0,35,5,447.84,2
0,78,3,152.75,2
0,83,6,142.38,2
1,54,5,926.17,4
0,58,7,821.61,4
1,66,3,803.94,3
1,35,3,120.73,3
0,36,1,2175.5,4
1,48,3,273.88,4
0,46,4,2063.5,3
1,20,4,1923.7,1
0,70,6,212.76,2
0,28,1,2832.1,4
1,25,5,1535.6,4
1,73,3,637.18,3
1,51,4,952.86,4
0,27,8,893.75,1
0,54,4,396.42,2
1,63,5,930.7,3
0,45,2,2091.2,4
1,59,4,439.53,3
0,50,7,2751.2,4
0,49,2,414.61,2
1,56,2,325.52,3
0,22,6,1005.6,3
0,54,5,364.66,2
1,40,4,549.01,4
0,60,6,472.89,3
1,63,3,830.2,3
1,36,6,424.42,4
1,36,2,271.93,1
1,28,3,680.36,4
0,42,8,414.48,2
0,19,3,2260.4,3
1,43,2,1339.4,1
0,49,6,406.95,2
1,54,4,1316,4
1,21,4,1291.9,4
0,74,2,487.53,2
0,38,4,1805.1,3
1,37,4,929.15,3
1,44,1,1504.5,4
1,60,5,427.72,3
1,36,1,1823.7,1
0,43,2,394.65,2
0,65,7,40.71,2
1,41,7,623.08,3
0,36,5,777.24,4
0,39,7,1906.8,4
1,53,8,1564.3,1
0,83,8,351.27,2
1,32,3,866.62,4
1,73,1,176.87,3
1,38,4,986.41,1
0,20,3,2651.4,3
1,70,4,92.95,3
1,22,7,563.26,1
1,42,2,623.7,1
1,32,5,775.62,1
0,25,4,1799.5,4
1,62,6,917.04,1
0,29,2,2795.5,4
0,43,6,1993.8,4
0,66,7,153.64,2
0,70,1,442.5,2
0,36,2,2697.7,3
0,57,6,181.51,2
0,47,5,267.88,2
1,34,3,1338.5,4
1,22,8,700.19,1
1,55,6,231.4,3
1,73,4,374.72,1
0,76,4,319.3,2
1,47,7,1870.6,1
1,73,7,424.96,1
1,22,4,1464,4
0,46,4,1211,4
1,41,2,368.03,3
1,25,4,371.96,1
0,54,7,155.99,2
0,34,2,2707.4,4
0,54,6,448.36,2
0,20,4,2163.4,3
0,61,5,1893,4
0,43,2,143.3,3
0,70,6,551.71,1
1,43,6,369.34,3
1,24,5,1696.6,4
1,25,5,1399.2,4
1,23,6,1531.7,1
1,36,1,707.21,4
1,31,2,682.66,4
0,22,6,1277.9,3
1,38,7,961.8,4
1,41,3,1146.1,4
0,57,4,292.82,2
1,24,2,956.98,4
1,39,3,519.79,3
0,66,3,390.46,2
1,66,4,233.2,1
0,51,3,200.7,2
0,34,7,1810.5,3
0,41,6,1220.8,3
0,56,2,2241.6,3
1,21,1,665.54,4
1,68,2,688.92,3
0,84,2,326.41,2
0,60,4,766.7,4
1,26,7,767.03,3
1,62,3,568.34,1
1,33,3,595.2,4
1,45,3,1277.6,4
0,76,4,425.04,2
1,69,3,866.24,1
0,52,5,178.01,2
1,42,2,1625.6,1
0,47,5,371.56,2
0,47,4,1764.2,4
1,65,2,224.21,3
1,46,6,834.1,4
1,26,3,365.65,1
0,37,3,443.02,4
0,24,6,601.77,4
0,36,3,1219.9,4
1,37,6,987.38,3
0,67,7,129.37,2
0,23,2,159.05,4
1,47,3,790.42,4
1,48,4,223.55,3
0,44,7,1843.4,4
1,55,1,855.52,4
1,27,2,1496.8,1
1,25,1,658.22,3
1,27,6,600.92,1
1,53,2,765.94,4
0,63,1,377.57,2
0,31,4,235.7,2
0,28,6,2553.1,4
0,28,2,1375.5,4
1,49,5,1453,1
1,66,7,756.35,3
0,63,8,157.96,2
0,61,6,328.26,2
1,59,6,900.66,1
1,44,5,212.27,4
0,64,7,115.39,2
0,20,3,1616.5,3
1,52,8,1046.8,1
1,62,5,992.61,1
1,53,3,1107.6,4
1,53,2,673.35,1
0,71,6,497.8,2
1,50,4,839.55,3
0,69,7,383.31,2
0,25,4,1672.7,4
0,33,6,2712.8,4
1,55,5,172.62,4
0,63,6,365.26,1
1,55,1,1732.4,1
1,22,8,827.54,1
1,49,3,722.53,4
0,77,7,248.51,2
0,66,7,292.76,2
0,59,3,388.51,2
1,31,4,641.81,1
0,53,3,1328.2,3
1,24,4,1598.2,4
0,37,4,128.94,2
0,61,3,339.56,2
0,73,3,255.62,1
0,30,5,22.12,2
0,50,5,414.21,2
1,29,3,769.43,1
0,28,6,1008.7,4
1,28,3,1460.8,4
1,66,2,290.76,1
0,82,5,380.26,2
0,27,7,1489.5,4
1,20,2,1803,4
0,42,8,245.44,4
0,57,5,2436.7,4
0,46,1,1090.2,4
1,23,6,684.14,1
0,34,2,497.47,2
0,31,5,193.06,2
1,55,2,495.14,3
1,55,6,667.15,4
0,48,1,681.59,1
1,62,5,486.13,1
0,49,2,417.42,2
0,57,5,502.45,4
1,63,6,93.92,1
0,47,7,2995.1,4
1,25,6,1448,4
1,37,1,53.88,1
1,51,6,1179.2,1
1,33,5,492.75,1
0,19,5,857.13,4
1,74,4,923.9,1
0,58,7,212.28,2
0,43,4,838.96,3
1,29,1,610.04,1
0,42,3,1440.6,3
0,49,2,1080.6,4
1,37,4,95.39,1
0,29,2,1875.2,3
1,44,4,401.02,4
1,55,3,501.82,3
0,39,6,1762.5,3
1,63,5,457.98,3
0,33,6,418.03,1
1,27,6,1536.2,4
0,29,1,733.22,1
1,43,6,1321.7,4
0,31,1,2665.2,4
1,48,5,558.19,3
0,65,5,464,2
1,52,8,1995.4,4
1,34,6,75.87,4
1,39,7,1545.3,1
0,53,2,476.11,1
1,37,2,624.11,4
0,25,4,2887.9,3
0,33,2,2206.4,3
1,22,3,263.03,4
1,61,2,896.43,3
0,55,3,383.44,2
0,21,7,496.09,3
1,56,7,162.35,3
0,48,4,148.09,2
0,71,6,332.56,2
0,71,4,480.46,2
1,23,5,425.98,4
0,31,3,188.75,4
0,40,3,1732.8,4
0,73,5,275.75,2
1,62,1,249.24,3
0,60,1,1019.3,4
1,49,3,477.83,3
0,84,8,351.17,2
1,46,4,1450.6,1
1,47,4,735.95,1
1,42,7,851.35,3
0,42,7,2977.7,4
1,23,6,1281.1,4
1,35,6,608.35,3
0,61,4,290.35,2
0,21,7,566.79,4
1,48,1,625.72,4
1,38,7,1410.8,1
0,71,4,406.22,2
0,25,2,930.11,3
1,31,1,908,1
0,82,6,335.33,2
0,32,8,213.22,2
0,49,6,893.75,4
1,48,4,389.71,1
1,34,3,1411.3,4
0,29,6,285.43,2
0,57,5,1292.1,4
0,55,2,199.26,2
0,75,6,83.18,2
0,81,6,444.09,2
0,20,8,815.15,4
1,46,4,579.07,1
1,42,7,853.3,4
0,26,6,2399.8,4
1,48,2,862.25,1
0,44,3,60.29,2
1,52,3,1994,4
0,64,5,451.62,2
1,51,8,1650.6,4
0,57,4,2916.5,3
0,81,3,50.95,2
1,51,3,994.2,4
1,50,1,177.9,4
0,58,3,2629.5,4
1,47,2,1890.3,4
0,50,7,1097.7,4
0,29,7,8.92,2
1,27,6,378.63,1
0,24,4,936.8,4
0,19,8,1714.3,3
1,34,2,130.98,3
0,41,5,80.07,1
0,70,4,499.65,2
1,27,7,1578.9,4
1,28,4,346.6,1
1,29,5,1102,4
0,53,6,245.39,2
0,42,4,194.31,3
1,39,1,162.26,3
0,49,4,207.88,4
1,40,6,994.47,4
1,31,5,102.51,1
1,47,3,341.71,3
0,70,1,251.68,2
1,61,8,419.21,3
1,19,1,384.05,4
1,23,7,844.5,4
1,46,4,1056.6,1
0,27,5,2285.8,3
1,40,6,884.71,3
1,47,2,199.76,1
0,65,7,94.08,2
0,63,5,170.69,2
0,47,7,2810.9,3
0,81,4,97.42,2
1,43,4,809.38,4
0,41,6,484.57,2
0,32,7,634.49,3
1,29,3,132.19,1
0,51,3,436.36,4
0,20,7,1504.8,4
0,58,4,2785.8,4
0,26,6,544.71,4
1,29,2,846.43,3
0,53,3,274.75,2
1,40,8,1326.7,1
1,53,2,969.18,3
1,56,3,963.67,3
0,34,4,90.83,2
1,25,7,501.39,4
0,33,7,115,2
0,61,2,66.77,2
1,29,1,850.97,4
0,20,3,1048.7,4
0,47,4,2872.1,3
0,59,5,2462.3,3
0,63,1,278.84,2
1,55,4,284.15,3
0,43,6,472.69,2
1,67,5,908.66,1
0,53,6,1858.2,4
1,62,4,518.02,1
0,29,3,1145.1,1
0,47,1,234.36,1
0,54,4,229.83,2
0,60,5,1114.6,4
1,36,6,298.82,4
0,27,7,2623.5,4
1,52,6,770.76,3
0,60,4,2556.6,4
0,41,2,230.58,2
0,41,2,210.05,2
1,61,4,806.17,1
1,32,2,654.23,3
1,30,6,945.65,4
0,74,2,205.07,2
0,70,7,155.92,2
1,53,7,446.59,4
0,62,4,1874.5,3
1,24,2,426.2,4
0,59,3,1707.2,4
0,74,7,183.99,2
0,70,6,204.19,2
0,44,8,1377.1,1
1,53,5,1405.2,4
1,34,8,273.8,4
1,41,3,657.35,1
1,71,6,243.67,3
1,65,3,891.54,1
1,27,6,1506,4
0,61,3,2579.8,3
0,31,7,45.42,2
1,41,4,1484.3,4
0,48,3,1198.3,4
0,43,3,365.86,2
0,46,4,800.48,4
0,74,4,234.23,2
0,51,7,1069,4
1,28,2,1689.2,4
1,67,2,193.66,3
0,82,7,267.35,2
1,56,4,61.7,1
0,34,6,141.56,1
1,43,3,488.29,1
0,32,4,51.84,2
0,44,5,2682.8,4
0,63,3,194.05,2
0,27,2,954.15,1
1,38,6,1628.1,1
1,24,8,1350.6,4
1,51,2,470.19,4
1,20,4,1798.1,1
0,24,5,1088.9,4
1,49,4,784.19,1
1,37,4,1956.3,4
0,47,6,1368.5,3
1,43,6,1149.9,4
1,35,2,105.8,4
1,33,8,1266.6,4
0,45,6,2590.1,4
1,26,7,434.23,4
1,25,4,988.48,3
0,74,7,314.66,2
1,37,3,124.71,3
1,44,2,521.62,4
0,69,6,227.91,2
1,42,6,193.89,1
0,48,2,329.56,2
0,36,8,2669.9,4
0,41,6,1374.1,4
0,24,5,1559,4
0,68,8,498.37,2
1,27,1,869.94,4
0,72,2,485.87,2
0,30,6,256.65,3
1,38,6,1383,4
1,47,1,329.4,4
0,43,7,1891.3,1
1,38,4,407.47,1
0,63,6,202.81,2
1,42,6,285.44,1
1,47,6,1349.8,4
0,26,5,512.01,3
1,61,6,72.37,1
1,54,2,695.59,3
1,67,7,140.65,1
0,79,2,414.34,2
0,43,6,2681.5,4
0,80,4,12.98,2
0,60,7,1068.8,4
0,28,4,1245.9,1
1,38,2,834.59,1
1,45,7,107.55,4
1,45,6,1021.4,4
0,38,7,1977.6,4
1,29,4,1039.6,4
0,43,2,146.65,2
0,19,2,2964.8,3
0,22,2,1432.3,4
0,62,7,81.8,2
1,54,7,196.8,3
0,57,7,355.67,2
0,56,2,1264.4,4
0,33,7,1153.7,4
0,82,5,391.91,2
0,46,4,294.95,4
1,23,5,104.48,4
0,36,5,172.48,4
1,49,3,1436.1,4
0,26,4,2104.1,3
0,50,4,639.86,3
0,45,4,1426.7,4
0,36,4,526.38,4
0,63,1,2656.9,4
0,45,2,31.32,2
1,43,5,1568.1,4
1,38,2,134.58,1
0,27,6,1551.3,1
0,52,7,431.7,2
0,64,2,269.68,2
0,27,2,2535.4,4
1,64,5,821.14,1
1,24,2,811.76,1
0,67,8,807.28,1
1,34,5,235.98,1
1,39,5,889.53,4
1,70,5,949.17,3
0,24,3,1980.7,3
1,24,6,141.49,3
0,68,7,376.96,2
0,29,5,1118.6,4
0,51,7,2320.1,3
1,26,3,79.21,3
1,39,4,505.19,1
0,50,5,254.62,4
1,44,4,834.38,1
0,35,2,442.55,3
0,43,4,850.74,4
1,20,3,1376.3,4
0,20,2,1755.4,3
1,32,4,1897,4
1,47,5,836.41,3
1,39,5,1880.8,1
1,44,7,269.32,4
0,66,3,486.32,2
1,50,7,932.85,1
1,51,6,61.27,4
1,53,6,1590,4
1,33,2,442.05,1
0,21,4,166.46,3
1,41,4,1544.1,1
1,49,6,1381.6,1
0,28,3,925.14,3
0,22,1,1830.2,1
1,68,2,713.29,3
1,27,4,1136.8,1
0,45,2,159.97,2
0,40,1,126.76,2
1,31,6,847.46,4
0,52,3,1253.3,4
0,40,6,2891.6,4
0,60,8,2225.8,3
1,23,7,1056.1,4
1,53,6,248.31,1
0,60,6,272.43,2
0,29,7,1396.3,4
1,30,2,163.18,3
0,54,6,472.43,2
0,56,5,228.44,3
0,41,4,15.02,2
1,39,3,62.1,1
0,33,3,188.4,2
1,38,4,83.38,1
0,32,7,1431.6,4
1,39,4,1689.9,4
0,31,6,2573.3,3
1,44,2,160.46,3
1,33,2,477.39,1
0,33,3,928.1,1
0,26,6,214.58,3
0,62,4,973.42,4
1,53,5,1575.2,4
0,58,7,1035.6,4
1,53,7,844.44,4
0,61,4,131.02,2
0,70,3,237.39,2
0,59,7,2845.4,3
0,34,4,254.8,2
0,63,4,1492.2,3
1,24,6,249.46,3
0,57,6,356.45,2
0,25,6,686.6,3
0,60,5,32.88,2
0,78,6,332.9,2
0,37,6,281.32,2
1,28,5,783.16,1
0,18,4,1153.8,4
1,52,7,446.8,4
0,39,5,132.23,4
1,51,3,783.09,3
0,42,1,224.39,4
1,44,8,1852.6,4
1,25,3,594.65,4
0,32,6,439.84,2
0,45,3,2901.2,4
1,69,2,306.18,3
1,64,6,976.59,3
0,35,3,1501.6,3
0,49,6,2252.1,4
0,79,4,91.29,2
0,47,4,398.47,2
0,50,2,1781.3,3
0,63,1,826.13,4
1,36,7,910.01,4
1,39,2,883.87,4
0,54,5,167.35,2
0,38,6,203.71,2
1,26,1,1642.1,4
0,44,6,844.37,4
0,58,7,2241.3,4
1,53,4,215.71,3
0,55,7,16.24,2
0,69,8,10.34,2
0,46,7,2374.7,4
1,32,7,639.43,4
0,60,3,1611.4,4
1,45,8,631.05,3
0,22,8,1918.6,4
0,59,4,169.5,2
0,82,4,308.88,2
0,28,7,2053.5,4
0,54,2,311.63,4
1,34,2,812.26,1
1,55,6,698.14,3
1,45,4,878.74,3
0,80,3,318.68,2
0,39,6,345.29,2
0,31,8,2342.9,4
0,80,4,283.29,2
0,43,6,447.78,2
0,60,4,944.78,3
1,24,3,1180,4
0,36,8,1839.6,4
1,41,3,971.45,1
1,36,1,835.45,1
0,47,3,297.26,2
0,41,5,1528.7,4
0,55,3,862.1,4
0,29,7,377.89,2
1,52,6,1622.2,1
0,55,6,2669.3,4
0,36,2,455.57,2
0,62,4,84.02,2
0,34,7,418.51,1
1,25,7,1249.4,4
0,32,6,228.65,2
0,69,3,438.88,2
0,82,7,342.88,2
0,71,6,60.5,2
1,47,6,937.12,4
1,54,7,379.36,1
0,22,7,2393.1,3
0,26,5,423.89,1
1,43,1,495.33,1
0,31,7,233.43,2
0,49,5,1291.1,4
1,65,4,509.89,3
0,73,5,240.01,2
1,21,2,663.68,4
1,21,5,1543.9,1
0,22,2,143.6,3
1,36,6,414.53,3
0,20,4,948.28,4
1,59,2,235.02,1
1,31,1,408.46,1
0,52,6,270.89,2
0,26,3,1622.6,4
0,44,2,111.12,2
0,23,2,958.74,4
1,42,4,399.91,1
1,32,3,403.04,4
1,32,5,206.75,3
0,55,3,91.58,2
0,56,3,963.93,3
0,76,3,204.65,2
1,65,4,686.16,3
0,43,5,269.77,1
0,36,5,1929.4,4
1,27,7,365.69,4
0,36,4,209.36,4
1,42,5,1331.8,4
1,36,3,1825.1,1
0,82,7,268.59,2
1,40,5,1672.4,1
1,36,8,774.97,1
1,74,3,123.5,1
0,54,7,2208.1,4
0,60,7,23.04,2
0,33,5,2106.7,4
1,41,7,217.67,3
1,40,4,1524.3,1
1,46,4,643.07,1
0,48,2,1553.8,4
1,48,8,124.29,1
0,52,5,2484.8,4
0,83,8,412.04,2
1,48,6,958.7,1
0,51,2,1284.6,3
0,82,2,244.59,2
1,33,7,913.97,1
0,32,1,107.18,3
0,53,2,2724.4,4
0,21,5,2121.1,3
1,51,2,84.83,4
0,34,7,73.88,1
1,64,7,438.58,3
0,78,3,335.12,2
1,37,2,422.42,1
0,29,4,2891.2,4
0,57,2,70.53,2
1,48,4,1612.9,4
0,58,8,403.34,2
1,25,7,266.33,4
1,62,6,432.38,1
0,65,6,438.1,2
1,52,3,1847.1,4
0,62,4,249.38,2
1,51,5,1960.3,1
1,27,3,635.62,1
0,58,6,100.21,2
1,25,4,595.83,3
1,54,5,1576.3,4
1,35,7,311.96,3
1,62,3,623.93,1
1,29,2,190.52,4
0,84,4,41.42,2
0,81,2,260.36,2
0,73,1,354.5,2
1,24,2,537.05,3
1,65,5,155,1
1,72,5,336.97,1
0,71,7,476.69,2
1,43,6,890.64,3
1,48,8,1886.9,4
0,76,2,207.61,2
0,76,6,140.5,2
1,32,8,1854.7,4
0,84,1,319.1,2
1,72,8,419.21,3
0,56,4,2778.6,3
1,69,8,239.43,1
1,36,2,1850.2,4
0,49,7,246.13,1
1,46,2,544.44,3
0,30,6,325.42,4
1,57,1,273.05,1
1,53,5,168.49,4
1,42,3,1488.1,4
0,37,5,405.54,4
1,57,3,759.77,3
0,35,4,2100.1,3
1,36,7,944.79,4
1,40,4,384.11,3
0,61,5,1321.5,3
0,38,1,305.31,2
1,49,5,507.46,4
1,67,3,776.16,3
0,56,5,35.12,2
0,44,5,2856.8,4
0,28,3,912.56,1
0,54,1,630.38,1
1,21,3,483.34,4
1,38,1,1992.3,4
0,76,6,90.46,2
0,41,7,112.66,2
0,25,2,112.11,3
0,54,8,2202.6,3
0,42,6,1524.1,4
1,33,4,831.32,4
0,56,4,224.44,2
1,28,3,581.8,3
0,57,6,2179.3,4
0,27,3,1872.5,4
0,46,4,198.2,2
0,35,2,1851.4,3
0,34,6,215.4,2
1,37,3,374.08,1
0,83,3,157.81,2
1,30,5,519.27,4
0,43,6,1899,4
0,74,4,435.01,2
1,51,6,1562.9,4
0,31,8,1701.1,1
0,21,4,392.51,4
0,67,4,117.79,2
1,49,3,887.48,4
0,45,8,683.09,1
1,63,7,426.24,1
0,20,2,645.35,3
0,41,5,583.09,4
0,20,4,1836.3,3
1,44,4,1474.9,4
0,76,3,318.38,2
1,57,3,533.93,3
0,60,2,2164,4
1,64,7,902.11,1
1,60,8,626.83,3
0,56,1,2338.1,4
1,72,5,788.02,1
0,58,3,2824.8,3
1,42,4,1951.1,4
0,60,2,207.89,2
0,71,2,509.49,1
1,43,7,694.04,1
1,35,2,615.56,3
0,31,7,460.01,2
0,77,6,90.65,2
0,50,6,1972.1,4
0,80,7,299.57,2
0,65,4,735.34,1
1,29,1,1903.1,4
0,83,4,334.37,2
1,68,6,107.78,3
1,27,3,663.82,4
1,30,3,763.36,4
1,31,4,466.15,1
0,59,5,2435.5,3
1,21,4,685.12,4
1,25,7,311.09,1
0,57,7,1421.4,3
0,56,7,1974.4,4
1,27,2,64.74,3
0,49,7,67.66,2
0,28,5,2132.7,3
0,25,1,2349.7,4
1,44,5,408.61,1
1,22,3,637.86,4
0,34,4,1417.2,4
0,43,2,374.81,3
1,41,3,834.5,3
0,24,1,2682.5,4
0,34,3,762.59,4
0,57,6,904.3,3
0,45,4,265.19,2
1,41,5,509.84,4
0,46,2,394.38,2
1,58,3,640.74,1
1,20,3,1374.2,4
1,43,5,738.86,1
0,38,6,676.67,4
0,63,8,2931.8,3
0,82,8,45.53,2
1,28,4,1166.9,4
0,23,3,2661.2,4
1,39,3,205.78,1
0,29,3,114.94,2
1,31,6,97.74,1
0,51,1,1684.1,4
0,66,2,65.93,2
1,31,4,766.88,4
1,28,3,1848,4
0,68,5,130.43,2
0,43,8,1773.9,4
1,39,3,1599.4,1
0,57,8,1036.3,4
1,27,5,377.88,3
1,38,6,257.72,1
1,54,4,842.06,3
0,27,5,181,4
1,31,3,793.52,4
0,44,2,466.82,2
0,39,7,1192.9,1
1,66,8,727.02,3
1,21,3,1969.9,4
1,51,2,1678,4
1,24,6,1317.3,4
0,30,3,2210,4
1,59,6,769.49,3
0,24,4,1789.8,3
0,73,6,698.13,1
0,82,7,375.22,2
0,50,4,217.2,1
0,41,3,371.72,4
0,30,1,745.19,4
1,24,6,70.88,4
0,20,4,322.39,4
1,29,2,136.84,4
0,32,4,237.52,1
0,22,1,2350.6,4
0,33,7,2468.7,3
0,24,3,1092.9,3
1,52,7,166.52,1
1,30,4,1625.6,1
1,51,4,764.23,1
0,60,7,269.66,3
0,26,2,2711.6,4
1,47,7,1395,1
1,38,4,1338.1,1
1,20,3,242.74,4
1,67,8,621.66,1
0,25,5,2110.2,4
1,47,8,1845.2,4
1,45,5,1795.7,4
0,29,2,209.11,2
1,35,5,472.95,3
0,54,7,344.65,2
1,36,2,1316.4,1
0,29,4,2115.7,3
0,32,6,434.05,2
0,54,2,455.49,2
0,51,5,1537.4,4
0,27,1,736,4
0,79,6,156.3,2
0,40,6,1524.9,3
1,35,6,734.99,4
1,67,2,554.03,3
1,73,8,557.03,1
0,24,6,1137.1,4
0,49,2,2702.2,3
0,36,1,1639.8,3
0,50,3,172.93,2
1,31,7,831.7,3
0,46,4,343.68,2
0,50,7,317.46,1
0,82,8,132.24,2
0,59,2,1922.6,3
0,39,3,261.26,4
0,77,8,190.94,2
0,41,4,1374.9,3
0,24,3,1365.6,3
0,19,3,1231.2,3
1,35,1,306.82,3
0,26,6,379.97,4
1,37,6,875.44,3
0,56,5,148.84,2
0,83,4,457.64,2
1,53,3,109.77,4
1,69,1,629.01,1
0,37,3,479.67,2
1,23,7,678.77,4
1,42,6,1276.3,4
0,75,7,93.98,2
1,48,5,639.47,1
0,44,7,28.72,2
1,29,4,252.34,3
0,68,3,580,1
0,28,7,718.7,4
0,30,1,971.01,3
0,27,5,587.34,4
1,42,2,1659.9,4
1,50,2,766.99,3
0,64,2,245.61,2
1,71,6,200.06,1
1,44,2,511.99,3
1,53,8,487.62,4
1,59,6,413.34,1
0,75,5,207.93,2
1,35,6,702.98,1
1,27,5,704.64,4
0,39,1,132.48,2
1,50,6,1902,1
1,25,4,280.88,4
0,57,1,489.1,2
1,53,3,646.75,3
1,26,3,765.38,4
0,59,6,1189.5,3
0,34,1,1455.8,3
0,63,6,31.51,2
1,68,7,574.15,3
1,65,5,488.17,1
1,23,4,943.31,4
0,42,5,1902.4,3
0,55,4,101.18,1
0,51,2,2475.1,4
0,58,3,2852.5,3
0,72,2,464.05,2
0,51,1,1210.5,3
0,68,7,184.42,2
1,27,2,937.91,4
0,63,2,485.78,2
0,76,2,166.37,2
1,71,8,791.11,1
0,51,6,1578,3
1,23,4,1854.2,4
1,24,8,247.64,4
0,25,2,1051.8,4
1,37,7,1520.4,4
1,35,6,563.8,1
1,35,8,1433.8,4
1,51,7,116.34,4
1,63,7,857.67,1
0,79,2,270.36,2
1,43,6,449.32,3
0,22,3,2710.3,4
1,58,6,449.7,3
1,32,3,515.35,3
1,24,4,1760.1,4
0,66,2,39.36,2
0,65,6,489.73,2
1,36,3,328.66,3
0,23,4,1938.1,4
1,37,3,1468.2,4
0,63,3,262.3,2
0,54,1,381.69,3
0,49,3,1438.1,3
0,26,5,2828.8,4
0,63,4,1708.6,4
1,31,4,1051.2,1
0,85,6,25.69,2
1,68,5,870.57,1
0,43,3,1947.1,3
0,40,8,329.09,2
1,20,5,1111.5,4
1,36,2,1973.5,4
0,45,8,415.73,2
0,51,5,1733.7,3
1,27,5,1619.3,1
0,44,3,1304.2,4
0,38,6,493.81,4
0,84,4,312.94,2
0,41,6,351.87,2
0,69,3,176.47,2
0,78,8,13.86,2
1,54,3,243.04,3
0,47,4,115.94,4
1,52,5,1682.5,1
0,30,1,340.86,3
0,60,7,627.73,4
0,37,2,2652.8,4
1,48,4,1050.1,1
0,50,3,422.93,2
1,29,7,1574.7,4
0,46,2,278.9,2
1,50,2,500.7,3
0,84,8,34.07,2
1,42,7,217.78,1
0,31,8,425,2
1,28,4,1488.8,4
1,51,4,128.67,4
0,72,3,377.59,2
1,44,7,702.24,3
1,19,3,1718,4
0,59,5,2051.6,3
0,42,8,1252.9,4
1,54,2,1873.3,4
0,34,4,513.24,4
0,24,2,89.84,1
1,27,5,773.75,4
1,34,1,1278.2,4
1,56,7,542.08,3
1,38,4,406.9,3
1,58,8,206.69,1
0,70,2,330.1,2
0,31,5,2592.6,4
1,68,5,362.2,3
1,30,4,716.4,3
0,48,8,324.59,2
0,58,1,2904.9,4
0,79,6,323.44,2
0,46,6,13.87,2
0,51,3,5.91,2
0,78,6,309.57,2
1,51,4,1985,4
0,74,2,90.3,2
0,66,8,237.77,2
0,82,6,228.7,2
1,51,6,992.21,4
1,25,8,1014.5,1
1,50,4,670.79,3
0,49,7,438.26,2
0,59,3,491.16,2
0,79,6,414.48,2
0,64,3,201.31,2
1,21,3,1602.8,4
0,82,3,483.6,2
1,48,7,1227.9,1
0,66,4,314.61,2
0,77,5,381.81,2
1,38,5,778.19,4
1,42,3,967.27,3
0,80,8,7.65,2
0,44,7,425.1,2
0,18,4,413.4,4
0,44,3,814.25,1
0,62,3,12.97,2
1,27,6,664.71,3
0,50,4,212.82,2
1,31,5,389.85,3
0,55,2,109.98,2
1,62,5,713.7,3
1,45,7,170.35,3
1,39,4,1606.1,4
1,41,4,512.84,4
0,19,7,1864.3,4
0,68,4,125.56,2
1,44,8,1005.6,4
0,30,1,265.52,3
0,30,3,1960,4
0,40,7,1367.3,3
0,46,5,360.36,2
1,53,6,102.18,3
0,65,8,50.27,2
0,29,7,456.04,2
1,72,2,880.18,3
1,33,7,401.25,4
1,72,2,502.89,1
1,24,2,1708,1
0,69,6,133.63,2
0,46,6,995.41,1
0,21,7,1277.8,4
0,46,6,444.49,2
1,48,2,146.71,3
0,44,8,46.72,2
0,56,5,373.67,2
0,44,6,1022.5,4
0,29,5,325.36,2
0,39,7,75.13,2
0,27,7,144.49,4
0,46,2,264.97,2
0,59,2,1719.9,4
0,41,5,98.8,2
1,41,6,351.96,3
0,23,7,2275.6,4
1,52,3,1437.6,4
0,25,6,132.9,4
1,52,2,1528,4
1,47,7,608.93,1
0,40,2,174.55,2
1,46,7,955.19,3
1,59,8,515.39,3
0,31,6,1318.3,1
0,76,3,457.98,2
1,37,6,1447.5,1
0,44,4,179.88,4
0,65,6,112.63,2
1,28,7,955.66,1
0,51,4,637.43,1
1,19,7,1073.5,4
1,44,2,917.42,3
1,40,6,574.84,3
0,72,3,270.89,2
0,60,5,302.32,2
1,28,4,803.64,3
0,26,1,2831.6,4
0,51,5,285.02,4
0,37,6,362.23,2
0,28,1,957.02,4
0,48,5,1055.5,4
1,21,3,961.87,1
0,44,6,2281.8,3
0,59,7,375.23,2
1,63,2,565.02,3
1,57,7,779.17,3
1,54,5,937.19,3
0,27,6,221.4,4
1,38,7,552.76,4
0,65,2,441.87,2
1,45,2,653.51,3
1,41,8,410.81,3
1,43,4,140.84,1
1,29,1,1799.6,4
0,33,2,2441.2,4
0,61,5,360.21,3
0,47,3,387.52,2
1,54,2,1705.8,4
1,27,1,538.64,4
1,42,5,426.91,1
1,64,3,579.33,3
1,19,5,1816.1,4
0,74,6,459.53,1
1,47,5,1075.5,1
0,43,4,305.64,2
1,46,6,1531,4
0,45,5,1941.6,3
0,32,4,1843.7,4
0,26,6,2619.1,4
0,40,6,61.36,2
0,27,4,390.69,4
0,36,3,251.86,2
1,32,8,1692.9,4
0,24,4,1227,3
1,65,6,446.17,3
1,38,5,706.61,3
0,54,4,2715,4
1,50,2,991.12,3
0,84,1,158.72,2
0,46,3,2375.8,4
0,62,5,1150.2,4
1,59,1,669.68,3
0,42,6,157.41,2
1,56,2,246.12,1
0,29,6,1378.4,1
1,59,7,716.96,3
1,49,3,1823.9,1
0,62,1,382.25,2
1,35,4,1603.2,4
0,43,4,1450.4,4
1,48,8,107.55,1
1,46,6,652.18,1
0,43,6,373.38,2
0,58,5,464.1,2
1,59,4,770.02,3
1,48,7,354.72,1
0,45,5,1505.7,4
1,63,2,657.22,1
1,53,6,763.92,4
1,72,7,376.84,1
0,48,8,197.24,2
1,48,2,968.17,3
0,41,5,360.89,2
1,34,2,977.49,1
0,56,2,65.37,2
0,43,3,524.71,4
1,50,8,634.68,3
0,83,7,415.08,2
0,52,1,2372,3
0,54,4,2781.1,3
1,34,2,1641.7,4
1,39,6,478.88,4
1,36,4,1797.9,1
0,37,8,2807.8,3
1,24,7,1420.1,1
1,36,7,539.32,3
0,32,5,1328.4,4
0,56,3,97.84,2
1,63,3,406.06,1
0,37,5,1170.1,1
0,51,1,2787.9,3
1,41,2,1695.5,4
1,53,4,112.85,1
0,43,6,26.15,2
1,37,5,133.92,3
0,46,2,1632.6,3
0,62,3,307.51,2
0,73,3,273.66,2
1,51,3,400.13,1
0,54,4,22.69,2
1,52,4,713.7,1
1,20,6,1043.1,1
0,55,6,193.1,2
1,23,1,1893,1
1,60,6,705.11,3
1,25,4,1740,1
0,47,4,10.52,2
0,48,2,373.01,2
1,49,4,506.1,1
1,41,4,1705,1
0,76,7,150.36,2
1,46,6,821.2,3
1,71,6,128.27,1
1,29,1,753.98,3
0,82,3,478.11,2
0,49,6,328.96,2
1,52,7,1607.7,1
1,49,1,758.08,1
0,40,7,394.72,2
0,83,6,479.48,2
1,63,2,369.99,1
1,47,7,1255.4,4
0,39,3,771.02,4
1,57,1,633.34,3
0,42,5,1468.2,4
0,82,6,329.45,2
1,20,4,675.08,4
1,54,4,144.35,1
0,48,4,87.92,2
0,31,3,437.59,2
1,47,5,55.52,4
1,52,2,765.29,1
0,27,7,1611.4,4
1,55,4,1982.4,4
0,41,7,2517.9,4
1,50,7,861.83,3
0,29,4,2626.4,4
0,56,6,1055.9,4
0,51,4,286.35,2
0,74,5,72.96,2
1,44,4,1297.9,4
0,57,6,597.72,4
1,25,7,464.93,3
0,57,3,815.2,4
1,29,7,820.88,1
0,50,6,1073.8,4
0,71,5,135.64,2
1,67,7,76.98,3
1,43,6,723.6,3
0,25,7,2346.6,4
0,35,6,334.64,1
1,55,6,379.28,1
1,32,3,494.73,4
1,41,4,1165.6,4
1,25,6,220.86,4
1,65,2,455.89,3
1,44,3,82.9,4
0,82,5,52.22,2
1,33,7,832.94,4
0,50,4,586.75,1
0,31,6,275.71,2
1,66,5,835.85,1
0,45,4,391.99,3
1,59,7,338.51,1
1,24,2,1139.3,4
1,43,3,343.91,1
0,30,1,437.51,2
0,57,3,2746.2,3
1,41,5,774.6,4
0,38,5,1484.9,4
0,64,8,218.73,2
0,23,5,2993.1,3
1,73,3,868.75,3
1,54,3,1600.1,1
0,74,5,74.13,2
1,40,6,145.42,3
1,54,6,80.85,4
1,32,4,1189.6,4
0,34,5,201.61,2
1,44,7,215.45,4
1,61,3,397.48,3
1,35,5,800.1,4
1,32,4,214.8,3
0,19,1,185.4,3
0,44,3,1650.1,4
1,26,6,90.49,1
1,46,2,163.41,4
1,39,7,356.99,4
0,31,4,1313.7,4
1,50,3,418.49,3
0,61,2,286.34,2
1,25,6,861.04,1
0,52,6,2160.5,3
0,49,4,239.05,2
1,43,6,952.45,4
0,76,7,164.29,2
1,35,3,274.93,3
0,79,6,432.93,2
0,45,3,360.35,2
1,26,2,609.22,3
1,27,5,868.15,4
0,68,3,481.55,2
1,27,5,1251,4
0,68,3,167.33,2
1,27,1,975.31,4
1,35,6,679.57,1
1,36,3,75.65,4
0,53,3,1451.5,3
1,29,4,806.24,1
1,19,3,425.66,4
0,30,3,392.09,2
1,42,4,1803.6,4
0,53,7,348.2,2
0,57,2,524.56,4
1,30,4,132.36,4
1,73,4,542.7,1
0,50,6,277.18,2
0,57,8,585.5,3
0,77,4,481.4,2
1,39,1,82.03,1
0,51,3,622.86,1
1,51,4,241.23,4
0,47,5,482.68,2
0,18,3,1414.7,3
0,55,6,533.14,3
1,54,2,898.56,1
0,85,4,463.86,2
0,53,2,126.85,2
1,38,2,573.57,4
0,61,5,1440.3,4
0,75,4,35.79,2
0,68,1,122.5,2
0,36,6,190.82,2
1,20,3,637.73,1
1,39,3,303.41,1
0,34,7,2322.8,4
0,49,6,2114.3,4
0,18,5,2006.6,4
0,57,1,1070.3,4
0,37,6,24.91,2
0,46,1,399.48,1
1,38,1,185.19,4
0,49,3,728.77,1
0,71,6,451.85,2
0,51,2,2263.8,4
1,30,4,1609.3,1
0,56,7,1269.5,4
0,34,7,423.46,2
0,43,4,50.72,2
1,56,6,803.23,3
1,40,6,1290.7,1
1,39,1,1647,4
1,62,4,564.33,3
1,33,3,279.01,3
1,40,4,1512.6,4
1,40,4,1382.6,4
0,71,4,297.47,2
0,50,3,970.9,4
0,60,2,943.84,1
0,30,2,2165.7,4
0,42,4,1074.4,4
0,58,3,530.27,4
0,50,1,219.17,2
0,28,8,305.79,2
0,63,4,375.92,2
0,33,6,422.55,2
0,54,5,1058.1,3
0,84,2,61.54,2
0,62,3,238.76,2
1,50,3,425.99,1
1,46,6,338.68,3
1,61,7,522.68,3
1,26,7,632.84,4
0,31,5,2148.5,4
1,66,1,174.23,1
1,38,3,1346.7,1
1,51,6,986.68,1
1,50,3,1455.4,4
0,22,5,1833.1,4
0,29,6,113.34,1
1,38,2,1292.1,4
1,56,5,798,3
0,41,4,159.12,2
0,22,5,165.21,4
1,25,7,494.46,4
0,78,7,322.14,2
1,73,2,972,3
0,38,7,383.29,2
1,57,5,308.82,1
1,60,7,546.66,3
0,28,2,2664.7,4
0,20,8,1620.9,1
0,55,4,237.39,4
0,31,4,374.4,4
0,33,8,2048.7,4
0,44,6,417.88,2
1,52,5,244.73,3
0,25,3,2996.4,4
0,50,6,2160.4,3
1,43,1,1879.5,4
0,55,7,759.38,3
0,35,2,1903.5,4
1,67,8,958.11,3
1,67,6,801.6,1
0,55,3,430.89,2
1,44,5,1474.2,1
1,21,7,1934.6,4
1,28,7,423.42,3
1,28,1,727.03,3
0,49,6,377.26,2
0,45,4,2545.8,4
0,81,4,11.43,2
1,53,4,767.12,3
0,55,2,97.15,2
1,41,6,950.89,3
0,39,6,575.11,4
0,56,2,1941.7,4
0,60,5,377.52,2
1,44,8,228.91,1
0,80,6,447,2
1,55,1,95.7,4
1,35,4,1683.5,4
0,27,6,1534.2,1
1,47,5,844.95,3
1,43,8,604.93,4
0,62,3,1672.9,3
1,43,3,1769.5,4
0,50,5,1012.3,1
1,30,1,527.12,3
1,23,7,1267.4,4
1,25,6,881.61,1
1,44,7,809.19,4
1,20,6,1005,1
1,49,8,1122.4,4
0,62,2,440.42,4
1,34,6,444.81,1
1,51,7,921.26,3
1,43,4,1402.9,4
1,59,7,569.89,1
0,82,4,155.35,2
0,76,2,59.23,2
0,51,1,2709.6,4
0,39,1,401.7,2
1,61,6,369.13,3
0,55,2,1986.8,4
1,57,3,519.28,3
1,69,6,509.67,3
1,40,2,1067.7,4
0,60,2,226.3,4
0,59,4,1204,4
1,36,5,390.69,3
1,69,2,322.64,3
1,24,7,1451.1,1
0,79,5,268.35,2
1,55,6,739.78,3
0,40,2,482.78,4
0,66,1,368.14,2
1,30,5,1164.7,4
1,27,4,490.24,4
0,47,4,102.44,2
0,41,1,1801.8,3
0,45,7,394.17,2
0,43,8,41.17,2
0,40,1,462.6,2
0,39,3,711.62,4
1,59,6,793.38,1
1,25,3,778.52,1
1,44,7,1590.7,4
1,25,6,575.19,1
1,35,7,940.07,1
0,42,6,113.59,2
1,34,8,458.13,3
0,38,4,11.78,2
1,33,8,1802.9,1
1,41,2,811.94,1
1,32,3,1295.6,4
1,28,8,1269,4
1,24,8,515.09,4
0,85,6,99.21,2
1,22,4,1232.8,4
0,84,5,179.05,2
0,64,6,296.18,1
0,70,2,130.7,2
1,44,1,1416.6,4
1,49,2,1153.7,4
0,37,3,259.76,2
1,32,7,1240.7,4
0,20,5,1089.2,4
0,23,7,161.78,3
0,42,2,210.97,2
1,41,4,482.83,4
0,54,5,559.19,3
0,69,7,70.8,2
0,46,5,658.19,1
0,29,2,119.29,2
1,73,3,933.39,1
0,28,4,2024,3
0,32,2,2197.4,4
1,53,6,959.72,4
1,32,3,978.56,1
1,73,7,850.97,1
0,69,4,243.68,2
0,53,2,2767,4
0,66,5,70.46,2
0,74,7,177.62,2
0,62,4,2273.5,4
0,37,2,81.91,2
1,54,7,903,3
1,57,2,156.77,3
1,45,2,1324.3,1
1,29,6,807.13,1
0,60,5,2575.3,4
0,31,2,2991.3,4
1,45,6,193.64,4
0,80,1,341.24,2
0,23,8,1853.3,4
1,64,4,535.95,3
0,38,6,157.72,1
0,80,8,232.91,2
0,39,2,1828.1,4
1,63,7,965.94,3
0,62,6,636.09,4
0,54,3,238.39,3
1,34,7,797.64,4
1,43,3,1276.1,4
0,32,4,1301.4,1
0,48,4,469.63,2
1,54,5,552.31,3
0,49,3,865.65,4
1,64,8,876.64,3
1,65,3,60.44,3
0,58,3,459.24,1
1,58,4,367.12,1
0,37,7,406.69,2
0,65,2,244.87,2
0,37,3,275.31,4
0,47,1,395.53,4
1,43,7,238.96,3
0,53,2,587.13,1
1,65,2,513.08,3
1,49,2,130.27,4
0,28,3,845.38,4
0,55,6,95.58,2
0,85,4,360.96,2
1,30,3,95.84,4
0,30,4,1487.4,4
1,40,4,373.39,4
1,50,6,695.43,4
1,41,5,1134.1,1
0,71,8,306.1,1
0,39,3,2007.7,4
1,39,5,583.76,1
0,58,1,254.05,2
0,39,5,1226.2,4
1,49,6,743.6,1
0,58,2,197.2,2
0,47,2,365.11,2
1,22,5,203.3,4
0,30,3,288.59,2
1,37,3,908.32,3
1,56,3,930.34,3
0,35,7,2349.6,3
0,62,8,438.65,2
1,55,3,494.74,1
1,40,4,812.07,1
0,81,3,198.3,2
1,42,1,548.36,3
0,44,6,476.74,1
0,26,4,2203.3,3
1,25,5,1127.9,4
1,73,7,689.67,3
0,24,5,584.38,1
0,63,4,168.59,2
0,31,3,1456.5,4
1,40,4,52.42,3
0,23,2,2597,4
1,34,4,487.17,1
0,33,3,27.59,2
0,55,8,436.51,2
1,62,5,732.38,3
1,62,3,975.7,1
1,52,3,888.37,1
1,55,7,603.1,1
1,69,2,715.15,3
0,32,6,403.35,2
0,63,7,382.88,2
0,47,7,1023.1,4
0,58,4,68.58,2
1,73,5,746.99,3
1,21,5,867.58,4
0,58,6,23.93,2
1,31,3,225.83,1
0,67,1,61.44,2
1,48,1,1439.5,1
0,66,6,495.1,2
1,39,2,1195.4,4
0,73,3,98.25,2
0,30,6,1712.5,3
1,32,5,1103.6,4
1,26,5,222.25,1
0,28,8,1827.1,4
0,38,3,476.48,2
0,82,8,324.23,2
0,28,4,506.76,4
0,26,3,1460.6,3
1,68,4,365.47,1
0,62,2,2778.4,3
0,26,5,1657.9,4
0,42,3,252.2,2
0,35,5,214.52,2
0,63,5,116.97,2
1,34,3,1576.7,1
1,32,2,424.85,3
1,50,2,600.47,3
0,49,8,2188.3,4
1,49,6,194.52,1
1,49,1,83.96,3
0,83,6,195.01,2
0,58,4,1506.5,4
1,41,3,731.31,3
0,19,2,306.27,4
1,73,1,695.45,3
0,39,6,364.49,2
1,63,4,321.93,3
0,51,7,1093.2,4
1,26,7,163.49,3
0,72,8,287.1,2
1,22,2,564.52,4
1,48,1,606.62,1
1,49,6,1433.9,4
0,41,3,132.49,1
1,26,4,1588,4
0,20,2,793.99,3
0,70,7,270.88,1
0,50,6,2581.3,4
0,70,2,319.36,2
0,59,3,2473.8,3
1,51,5,435.99,1
1,40,3,1480.6,4
0,41,4,25.24,2
0,48,7,2520.6,4
0,20,5,2128,3
1,26,3,1036.5,1
1,45,3,289.67,3
0,51,6,853.73,4
0,42,7,93.66,2
0,20,4,1094.7,4
0,44,4,232.69,2
0,41,2,1108,4
0,37,2,330.31,2
0,68,5,443.11,2
0,38,6,1624.5,1
1,66,1,184.67,3
0,54,3,188.2,2
1,26,3,1285.4,4
1,69,7,544.36,1
1,59,6,67.52,3
0,61,7,321.95,2
0,44,4,114.74,4
0,22,2,1298.4,1
1,46,6,358.14,3
0,30,7,1282.9,4
0,43,6,426.97,2
1,41,8,1355,4
1,53,6,386.06,3
0,72,1,635.87,1
0,35,3,2446.4,4
0,43,4,1895.2,4
0,25,4,1217,1
1,54,8,730.83,3
1,25,3,364.57,3
0,55,1,249.69,3
0,57,7,2586.9,3
1,25,2,364.19,3
1,33,1,711.53,4
1,72,2,152.22,3
1,42,6,621.4,1
1,41,6,459.54,3
0,85,5,58.78,2
0,38,6,1763.9,1
1,35,3,1923.4,4
1,32,1,117.52,3
0,73,1,139.58,1
0,42,7,943.5,4
0,42,1,2467.4,4
0,41,4,479.87,2
1,52,7,1540.3,1
1,34,8,912.51,1
0,38,2,186.62,2
1,19,3,289.96,1
0,57,2,800.28,4
1,33,1,587.53,4
1,52,1,1077.6,4
0,27,2,644.06,4
0,56,6,2199.3,4
0,65,6,304.76,2
1,26,5,703.61,4
0,32,4,256.31,3
0,36,7,2979.3,4
0,37,5,10.58,2
0,80,7,375.19,2
1,71,3,552.21,3
1,45,3,830.69,3
1,32,2,803.72,3
1,34,3,1583.9,1
1,22,7,1929.6,1
0,26,6,1499.6,1
0,47,5,1135.8,1
1,61,2,98.49,1
1,32,6,1859.1,1
1,22,5,496.97,4
1,71,7,84.61,1
0,41,7,179.81,2
0,24,2,709.4,4
0,64,7,682.54,1
0,62,5,2872.4,4
1,43,1,367.75,1
0,62,7,1486,4
0,38,4,173.82,2
0,72,6,196.61,2
0,75,4,383.36,2
1,52,6,1355.3,4
0,20,8,442.04,1
1,39,7,1585.8,1
0,24,3,2998.5,4
1,68,5,877.29,1
0,59,1,1259.6,4
1,33,2,563.09,1
1,51,3,942.87,4
0,23,4,1831,3
0,60,5,1692.3,4
1,52,3,515.77,3
1,25,8,992.13,3
0,57,3,384.41,2
0,28,6,612.68,4
1,50,2,76.75,3
0,48,5,2823.5,4
1,69,6,526.47,3
0,50,7,1352.8,4
0,44,6,253.32,2
1,68,5,952.11,3
1,53,2,180.14,4
0,55,4,222.81,3
1,28,3,1181.8,4
0,34,5,173.15,2
1,24,3,1556.9,4
0,38,5,2798.9,4
1,44,4,825.21,4
0,76,5,176.08,2
1,26,1,169.69,1
0,31,2,542.04,4
0,34,6,267.17,2
0,59,5,429.36,2
0,29,6,1362.5,3
1,60,4,826.38,1
0,52,3,607,3
0,29,4,247.52,2
0,46,5,2201.9,4
1,34,2,704.63,4
1,49,3,251.5,1
0,28,8,352.03,2
1,31,1,721.11,1
1,64,2,345.59,1
0,61,4,2764.3,3
1,26,5,401.45,3
1,65,2,82.16,1
1,50,5,572.31,3
1,41,6,540.3,4
0,81,2,113.11,2
0,53,4,380.77,2
0,32,5,200.81,2
1,60,4,853.68,1
0,84,1,222.25,2
0,29,7,423.37,2
0,25,3,2515.4,4
0,43,5,2978.3,3
0,58,7,1228.2,4
0,37,1,332.37,2
0,66,4,178.71,2
1,67,7,845.82,1
0,29,7,1140.5,4
0,43,7,2172,3
0,51,2,1069.4,1
1,42,4,825.1,4
0,58,4,2830.2,4
0,50,7,402.28,2
1,30,4,954.23,3
1,41,3,1070.8,4
1,51,7,206.86,3
1,31,2,959,4
0,44,2,2625.1,4
1,43,7,139.89,1
0,45,4,446.62,2
0,54,5,193.93,4
0,77,5,45.66,2
0,83,4,133.48,2
0,50,7,2333.3,4
1,27,3,857.42,3
0,52,1,154.82,2
0,60,6,1394.8,4
0,48,4,147.17,2
0,59,3,394.55,4
1,41,3,1369.6,1
0,68,5,152.67,2
0,50,2,2668.8,3
1,36,8,820.75,1
0,32,4,106.53,2
1,47,6,327.99,3
0,40,5,153,3
0,20,3,2000.3,4
0,63,5,82.26,2
0,50,3,409.48,4
0,54,6,467.68,2
0,40,8,1384.2,4
0,22,3,2210.4,4
1,29,4,254.51,3
1,58,5,292.19,3
0,26,3,2255.8,3
0,71,8,247.06,2
1,65,5,505.62,3
0,19,3,1414.1,4
0,50,4,2305.3,4
1,26,2,259.98,1
0,39,7,386.4,3
0,19,5,763.9,3
0,77,2,155.34,2
1,23,5,1134.4,1
1,31,3,1746.3,4
1,45,2,1397.3,4
0,48,2,1069.6,3
1,23,3,702.98,4
0,32,6,1304.1,3
0,42,3,1702.9,4
1,60,4,361.57,3
0,52,3,810.82,3
0,78,2,361.95,2
0,62,7,442.52,2
0,78,3,119.21,2
0,39,3,455.24,4
1,39,2,174.73,4
1,49,5,290.22,3
0,30,4,268.65,2
0,62,3,574.34,4
1,46,2,1834.5,4
0,55,2,2843.9,4
0,68,8,279.77,2
0,41,2,229.08,2
1,44,6,1901,1
1,67,3,464.23,1
0,52,5,35.65,2
1,50,7,1099.5,1
1,51,3,1539.8,4
1,22,5,785.3,1
0,76,6,108.33,2
0,56,6,1446.7,4
1,63,3,377.14,1
1,41,7,887.25,1
0,52,6,402.46,2
0,62,2,848.91,4
1,50,4,668.53,3
1,24,6,1156.3,4
1,26,3,187.14,4
1,34,3,456.39,1
0,20,3,1673.3,4
0,64,6,386.59,2
1,29,7,1329.3,4
0,52,3,913.04,4
0,49,5,712.18,3
0,53,6,139.17,2
0,29,2,144.69,2
1,23,2,61.57,1
1,49,8,1038.5,4
0,46,2,149.53,3
0,59,4,2101.1,4
1,36,5,628.37,4
0,58,7,1176.5,4
1,40,7,245.4,4
1,30,8,423.87,4
0,44,6,235.13,2
1,41,7,920.21,4
1,46,7,1811.2,4
0,58,5,476.92,4
1,28,3,1057.3,4
1,19,7,1994.7,4
1,33,4,1969,1
0,22,4,1641.8,1
1,52,1,536.94,3
1,27,2,944.01,4
0,55,6,41.3,2
1,44,5,1341.3,4
1,64,4,298.76,1
1,38,2,406.06,4
1,37,2,589.74,1
1,41,5,484.33,3
1,36,2,1735.5,1
1,30,5,109.43,1
0,42,6,296.29,2
1,44,8,94.3,1
0,47,7,1362.3,1
0,56,6,1256.5,3
1,31,6,94.48,1
0,48,6,344.21,2
0,44,4,2564.6,3
0,58,3,1222.8,4
0,55,3,471.04,2
0,33,4,2951.7,3
0,59,6,2622.3,3
0,76,6,162.64,2
1,53,4,1245.5,4
0,32,6,547.5,4
0,55,2,241.51,2
0,69,2,165.12,2
1,62,2,117.84,3
0,63,4,309.1,2
1,39,6,395.28,1
0,18,6,1417.7,4
0,34,6,35.69,2
1,51,4,295.3,4
1,22,6,1065.1,1
0,54,1,902.11,1
0,51,3,2384.7,4
0,80,5,206.52,2
1,56,2,763.01,1
0,44,8,113.03,2
1,54,7,398.4,1
1,26,8,86.1,3
0,67,6,432.61,2
0,24,2,1685.6,3
0,55,4,1724.9,4
0,57,5,307.29,4
0,31,6,493.93,2
0,37,7,521.85,4
0,75,4,106.3,2
0,46,4,297.7,2
1,38,4,1470,4
1,60,8,623.51,3
1,46,4,313.5,1
1,43,7,802.12,4
0,23,2,252.65,3
0,47,5,150.19,2
1,32,5,1005.4,4
1,67,6,234.11,3
1,30,1,464.04,4
1,27,2,291.61,4
1,67,2,840.16,3
1,46,6,1723,4
1,36,7,993.77,4
0,59,8,931.26,4
1,36,6,1075,4
1,42,6,230.72,3
1,38,1,288.59,1
1,42,6,1459.2,1
0,48,2,158.3,2
0,30,3,942.53,3
0,83,2,72.14,2
1,68,6,558.39,3
1,58,8,51.91,3
1,44,2,287.49,1
0,29,5,1578.7,1
0,30,2,2544.3,3
0,72,4,75.81,2
0,25,8,2506.5,4
1,52,5,286.64,1
0,34,3,260.61,2
1,36,6,644.52,3
1,22,4,1843.9,4
1,59,5,263.65,3
1,23,4,1805.7,4
1,63,5,255.18,1
0,50,3,7.05,2
0,32,2,59,2
0,60,3,1981.7,4
0,27,4,377.48,1
0,43,1,1836.2,4
0,42,4,163.33,3
0,65,4,471.29,2
1,69,4,74.15,3
0,33,6,1068.3,4
1,19,2,467.63,4
0,44,6,1915.3,4
1,38,6,1843.1,4
1,35,2,640.35,4
0,76,6,446.69,2
0,58,3,2211.4,4
0,45,6,354.09,2
1,38,5,655.91,1
0,55,6,20.12,2
1,19,2,134.75,4
0,36,8,187.99,2
0,81,4,356.3,2
0,62,7,97.05,2
0,40,8,247.1,2
0,62,1,1785,4
0,45,5,1947.7,3
0,47,4,372.09,2
0,29,4,1328.3,3
0,40,4,2820.9,4
1,39,5,563.61,4
0,44,5,174.55,4
0,30,8,396.23,2
0,58,2,241.44,2
0,38,2,479.24,2
0,64,4,7.64,2
0,48,2,1527.3,3
1,39,4,425.25,3
0,51,5,2081.6,4
1,21,8,647.52,4
0,56,1,2854.2,4
0,30,7,323.1,2
0,62,1,194.57,1
0,38,2,55.58,2
0,42,3,178.14,4
1,59,2,784.17,3
1,40,2,1651.8,4
0,44,2,174.45,2
0,60,7,2369.8,4
1,61,7,538.26,3
0,38,4,2867,4
1,27,3,1205.7,4
1,40,2,839.13,3
0,40,3,2506.7,3
0,44,8,269.24,2
0,36,6,536.6,4
1,29,5,925.89,1
1,59,7,563.73,1
1,37,2,1590.5,1
0,21,5,2653.6,3
1,50,6,1145.1,1
0,44,3,497.82,4
1,27,3,647.8,4
1,54,6,1873.2,4
0,63,6,52.34,2
0,55,1,801.51,4
1,29,6,1474.9,4
0,54,7,553.46,4
0,60,4,2111.9,4
0,29,3,722.28,1
0,40,2,173.29,2
1,60,7,276.51,3
0,49,5,107.71,4
0,73,8,470.56,2
1,39,4,1789.7,4
0,48,5,256.54,2
1,39,8,850.76,1
0,44,8,1809.5,4
1,46,6,1332.1,4
1,63,2,887.12,3
1,67,6,334.94,3
0,60,6,2023.5,4
0,72,5,141.22,2
0,53,5,255.79,2
1,54,4,245.62,1
0,76,1,435.87,2
0,39,5,205.65,2
0,27,3,930.72,3
1,46,5,467.91,1
1,20,5,755.47,4
0,23,2,689.52,3
1,53,8,635.35,3
0,46,5,46.74,2
0,27,4,133.37,4
0,76,4,50.05,2
0,39,5,436.54,2
1,38,5,773.09,4
1,31,3,690.41,1
0,47,3,299.11,2
1,54,1,90.99,1
0,64,8,418.56,2
0,23,4,2426.5,4
0,34,3,880.26,4
1,47,2,147.03,1
1,31,1,1150.1,4
0,29,7,2435.5,4
0,71,5,385.7,2
1,52,1,1623,1
1,39,8,566.9,3
0,47,1,434.06,2
1,31,6,979.69,4
1,27,5,95.14,1
1,45,7,782.3,3
1,26,5,720.09,3
0,32,3,1282.1,3
1,43,6,967.25,1
0,56,7,255.32,2
1,25,5,679.17,4
1,29,4,822.87,4
1,22,5,348.2,4
1,31,5,960.92,3
0,37,3,2330.6,4
1,27,4,239.22,4
1,51,2,58.27,4
0,66,3,484.01,2
0,81,6,200.79,2
0,62,6,410.51,2
1,45,6,403.55,1
1,62,8,83.42,3
1,56,4,859.34,3
0,59,5,29.63,2
1,25,7,428.31,4
1,55,1,1280.3,4
0,36,6,1330.6,4
1,21,2,125.15,1
0,37,2,1727.8,4
1,22,1,1705.8,4
1,46,6,1666,1
1,64,6,269.61,3
1,35,8,1535.7,1
1,20,3,1399.8,1
0,72,8,142.99,2
0,57,5,224.05,2
1,54,6,628.36,1
1,54,5,986.25,4
1,28,5,1000.3,4
0,72,5,306.73,1
1,53,3,125.64,3
0,49,6,1145.3,3
1,22,5,175.67,4
1,40,3,634.05,1
0,20,8,2999.2,3
0,51,7,197.07,3
0,49,7,33.11,2
0,25,8,267.95,4
1,41,2,908.27,4
0,84,5,98.75,2
0,68,8,303.89,2
0,51,4,1810.9,4
1,63,7,155.59,3
1,34,3,1674.9,4
1,65,3,490.48,1
1,50,3,1350.3,4
1,50,4,251.87,1
1,32,3,140.11,4
1,39,8,647.63,1
0,50,5,1106.6,4
1,53,5,1800.4,4
1,48,7,476.77,3
1,20,2,140.07,4
0,22,8,1375.7,3
0,73,2,184.49,2
1,35,2,697.05,3
1,45,6,110.08,4
0,25,3,1812.5,3
1,33,8,618.49,1
1,28,6,1303.1,1
0,33,8,211.96,2
0,80,4,136.7,2
0,69,5,476.67,2
0,73,2,366.41,2
0,56,3,441.99,2
0,83,1,479.91,2
1,29,2,77.45,3
0,36,2,150.2,2
0,50,5,433.5,2
1,52,4,172.78,3
1,50,8,696.3,1
0,74,2,377.32,2
0,61,6,2889.7,4
1,72,8,759.52,1
0,37,5,2390.4,3
1,33,6,1564.4,4
1,44,1,1969.2,1
0,34,2,125.63,2
0,56,5,1186.2,3
0,47,2,2339.3,4
1,60,5,566.36,1
0,81,7,169.69,2
0,21,7,1811.1,4
1,54,5,266.82,3
1,43,2,1359.3,4
0,53,6,353.73,2
1,37,4,1787,1
0,51,4,1605.4,4
1,27,7,1582.6,4
1,68,2,69.77,1
1,33,3,563.41,1
0,35,2,2859.5,3
1,65,8,84.55,3
0,32,6,418.53,2
0,43,7,419.8,2
1,31,7,1089.9,4
1,61,1,494.41,3
0,46,7,215.2,2
0,44,4,2743.8,4
0,33,7,231.17,2
1,31,2,1124.7,1
1,23,7,1211.7,1
1,29,4,213.82,4
0,53,2,2448.6,3
0,21,2,1483.1,4
1,53,4,922.68,4
0,32,3,437.93,4
0,35,5,440.27,2
1,40,7,451,4
0,29,6,372.69,2
0,40,4,2613.3,3
1,55,2,104.09,3
0,48,5,2933.5,4
0,54,5,1580.6,1
1,21,3,1955.1,4
1,66,5,848.58,3
1,35,4,117.74,3
1,36,3,437.08,4
1,31,3,1609.4,1
0,52,6,312.04,2
1,39,4,1784.2,4
0,76,5,273.35,2
1,32,4,505.87,1
0,34,4,127.69,2
0,42,7,2469.6,4
0,46,5,967.93,3
0,22,3,668.47,4
0,56,6,158.31,1
1,35,8,608.96,3
0,31,5,745.74,1
0,42,3,433.34,1
1,72,5,659.44,1
0,38,3,40.72,2
0,65,1,148.66,2
0,59,6,2595,4
1,44,3,362.76,3
0,47,5,343.25,2
1,36,3,741.51,3
1,34,4,1570.5,4
0,33,2,103.94,2
0,76,3,94.35,2
1,44,5,483.95,1
0,48,3,444.55,2
0,32,6,1317.6,1
1,54,1,159.87,3
0,85,7,137.67,2
1,30,6,57.69,3
0,26,5,2444.3,3
1,55,2,607.13,1
0,23,7,794.63,3
1,46,5,79.31,4
1,35,2,77.67,1
1,53,3,1363.9,4
0,41,6,2448.4,4
0,62,8,248.22,2
1,31,3,431.85,3
1,52,5,583.98,1
0,70,5,398.09,2
0,31,1,188.78,2
1,30,5,331.57,3
0,36,6,891.9,4
1,30,6,1103.3,4
0,63,8,237.89,2
0,44,5,2357.2,4
1,30,6,718.83,3
0,76,3,282.44,2
1,38,1,1136.7,1
0,53,5,99.11,1
1,47,4,799.24,4
1,41,5,197.24,4
0,32,6,247.38,1
1,33,2,1245.2,1
1,28,3,368.17,4
0,74,3,435.46,2
1,50,5,994.85,3
1,35,6,1035,4
1,65,5,542.01,1
0,83,6,186.49,2
0,33,5,1807.4,3
0,46,2,200.13,2
0,45,3,11.07,2
1,25,4,770.69,3
0,42,4,2582.8,4
1,44,2,559.5,4
0,70,6,123.51,2
0,59,4,212.35,1
1,54,3,449.87,1
0,48,2,2036.2,4
1,30,3,424.78,4
0,19,6,694.58,3
0,47,4,81.05,2
1,46,6,332.95,4
1,23,2,1689.5,4
1,22,2,256.38,4
1,28,7,1998.1,1
0,49,5,1142.1,3
1,53,6,353.06,3
0,34,7,80.34,2
0,38,5,432.56,2
0,37,4,1842.2,1
1,25,3,390.43,1
1,48,4,1515.1,1
1,44,1,868.93,3
0,83,7,379.81,2
1,31,4,238.62,3
0,20,7,751.23,1
0,71,7,218.25,2
0,54,5,94.27,2
1,72,3,361.01,3
0,58,1,131.2,2
0,37,7,296.53,2
1,33,5,1392,4
1,24,3,893.32,3
0,54,6,2449.3,4
1,64,5,85.74,3
0,40,5,2471.1,3
0,77,2,496.43,2
0,42,8,24.33,2
0,24,4,2758.4,4
1,22,7,1495.4,4
1,28,8,203.49,4
0,49,6,205.17,2
0,47,2,1293.4,4
1,46,2,593.48,3
0,81,4,209.32,2
1,57,5,831.04,1
0,29,5,464.19,2
1,55,2,1388.6,4
1,48,6,1889.9,4
1,53,6,234.95,3
0,77,5,239.09,2
1,68,6,94.13,1
0,27,2,669.76,1
1,43,1,363.93,3
0,20,7,765.23,4
1,48,7,561.87,4
1,66,3,405.41,3
0,37,8,124.43,3
1,21,3,1779,1
0,53,2,2737.4,3
0,38,7,468.91,2
1,35,2,85.24,4
0,34,8,1988.1,3
1,38,2,744.5,1
0,35,4,546.41,1
0,50,2,68.07,2
1,49,7,61.39,1
1,44,1,1221.1,4
0,52,2,1086.7,3
0,54,5,915.42,1
0,32,7,2602.7,4
0,19,6,2744.3,4
1,25,3,1118.1,4
1,48,6,650.34,1
0,46,5,1700.1,1
1,69,3,182.75,3
0,48,6,236.67,2
1,42,4,333.46,3
0,49,4,462.44,2
0,44,8,125.77,2
0,48,3,343.19,2
1,62,3,861.99,3
1,45,1,598.59,4
0,43,2,344.56,2
1,42,4,577.39,1
1,27,1,731.96,4
1,19,6,238.44,1
1,52,3,1318.3,1
0,32,3,224.63,2
1,42,3,1794,4
0,61,6,2915.5,4
0,58,3,2142.8,4
0,27,3,1681.7,3
0,84,5,313.12,2
1,55,3,96.69,3
1,70,6,227.26,1
1,64,7,883.11,3
1,53,3,201.65,4
0,79,1,180.52,2
1,49,3,135.48,1
0,31,7,816.14,4
0,63,2,1684.6,3
0,53,7,1462.2,4
0,45,7,1076.9,4
0,82,6,63.54,2
0,70,8,152.26,2
0,77,8,490.32,2
0,48,3,373.68,2
1,48,3,154.31,3
1,66,1,637.79,3
1,26,4,1229.9,4
0,33,4,295.09,2
1,71,2,701.72,3
0,30,2,152.49,2
0,40,4,1216.3,4
1,45,5,1371.8,4
1,52,3,892.09,3
0,28,6,2262.6,4
0,59,4,444.52,4
1,41,2,1406.3,4
0,23,6,450.85,4
1,28,3,340.97,1
0,81,2,279.51,2
1,41,5,1352.3,1
0,64,1,302.66,2
0,43,6,8.55,2
0,55,5,389.79,2
1,38,7,120.08,1
0,58,8,184.84,2
1,44,4,899.84,4
1,46,8,1140,1
1,59,2,822.19,1
1,58,6,153.63,3
1,68,4,948.36,1
1,23,6,296.93,4
0,49,4,416.42,2
1,34,6,528.99,1
0,51,6,419.51,2
1,62,3,482.44,3
0,84,7,308.78,2
1,52,4,1263.2,1
0,62,1,2287.6,4
1,24,5,163.29,4
1,28,5,716.55,4
0,62,3,150.78,2
1,68,5,209.97,1
0,59,6,219.34,2
1,72,7,456.56,3
0,41,4,412.93,2
1,63,7,569.5,1
1,55,8,703.84,1
0,60,5,2784,4
0,61,2,2876.7,4
1,28,2,645.68,1
0,53,6,172.96,2
1,57,2,490.08,3
0,61,5,2342.2,4
0,34,3,1562.3,4
1,41,3,530.6,4
1,55,3,203.27,3
0,37,5,1315,3
1,58,3,881.95,3
1,34,6,76.34,3
1,38,5,1059.3,1
0,27,3,1151.1,4
1,30,5,1785.2,4
1,54,3,821.46,1
0,33,7,2125.4,4
0,38,5,306.22,1
1,61,2,379.07,3
1,53,8,158.06,4
0,63,2,257.9,2
1,51,3,1107.2,1
0,71,6,299.56,2
0,53,3,476.22,2
0,40,7,371.84,2
0,35,4,288.65,2
1,58,4,110.26,3
0,82,7,272.58,2
1,39,6,413.71,1
0,38,6,117.84,2
0,46,2,1731.8,4
1,32,1,486.88,4
0,23,6,974.62,4
1,37,8,401.27,3
1,20,1,445.21,4
1,46,1,918.93,1
0,27,2,1884.1,4
1,65,2,755.06,3
0,38,2,1632.7,1
1,44,2,923.41,1
1,27,3,1571.2,1
1,62,1,485.34,3
1,37,7,112.35,3
1,40,6,865.29,1
0,85,6,344.31,2
0,46,5,208.32,2
1,44,3,225.48,3
1,25,7,675.47,4
0,22,7,2256.7,3
1,30,7,1488.2,1
0,36,6,2832.3,4
1,43,1,714.73,1
1,30,5,344.97,1
1,24,7,989.43,1
1,19,7,1659.3,4
1,60,6,614.29,3
1,24,4,259.47,1
0,50,4,324.44,3
0,62,8,1198.9,3
0,48,1,349.3,2
1,40,4,547.04,3
1,36,8,422.61,1
0,55,4,223.28,2
0,18,1,483.65,4
1,40,5,1008,4
1,50,3,62.28,3
1,43,4,501.19,3
1,50,2,1852.7,4
1,63,3,861.62,1
0,79,8,343.89,2
0,19,4,1605.2,4
1,29,4,516.25,3
0,48,5,2379.8,3
0,72,4,435.46,2
0,54,1,50.48,2
0,38,6,2674.7,4
0,49,4,1736,4
0,72,4,485.61,2
1,34,2,1248.4,1
1,38,4,89.21,1
1,59,7,311.69,3
1,45,7,1526.4,4
0,25,7,998.31,3
0,48,6,2522.2,4
1,28,5,598.59,1
1,36,2,425.62,1
0,32,3,400.22,2
0,53,4,2544.3,4
0,80,3,84.49,2
0,83,8,491.85,2
1,71,7,850.61,3
0,80,7,94.52,2
1,24,3,274.59,4
0,47,4,297.22,2
0,22,7,127.83,3
1,26,4,200.27,1
0,56,7,210.11,2
1,47,8,364.13,4
1,27,8,476.92,3
1,40,3,961.22,4
1,35,5,956.87,1
0,43,6,160.07,3
1,49,3,93.92,1
1,34,4,634.42,3
1,64,3,220.75,1
1,29,8,1496.7,1
0,41,8,276.73,2
0,51,2,75.49,2
0,41,2,2563.1,4
0,77,5,65.83,2
1,32,5,961.2,3
0,78,6,342.48,2
1,70,4,320.79,1
0,20,6,1184.7,4
0,61,7,390.26,2
1,72,6,470.87,1
1,20,7,1233,4
0,47,5,2882.1,4
0,51,8,750.52,4
1,33,4,451.98,3
0,54,6,303.74,4
1,64,6,708.74,3
0,50,4,173.88,2
1,46,7,206,4
0,53,6,1967.4,3
0,50,7,220.52,2
0,19,4,885.59,1
0,39,5,360.5,2
0,37,7,2844.6,3
1,37,1,753.76,4
0,31,4,1772.9,3
0,64,2,41.94,2
1,66,2,703.33,3
0,52,3,172.48,2
0,52,7,1170.5,3
0,44,5,2603.4,3
1,34,2,495.81,1
1,36,4,982.02,1
1,30,2,814.12,3
1,34,3,1867.9,4
0,74,4,339.59,2
1,26,7,161.42,4
1,41,2,459.85,1
1,70,8,261.18,1
0,80,4,397.42,2
0,81,2,418.05,2
0,19,5,1774.2,3
1,29,2,1766.5,4
0,63,2,530.88,1
0,81,2,119.95,2
1,66,1,503.03,3
0,23,3,1170.8,3
0,41,4,182.55,1
1,49,3,680.66,3
1,26,4,368.57,1
1,34,4,1444.9,1
1,24,6,1883.7,4
0,55,7,123.74,2
0,35,7,1632.1,4
1,23,5,289.39,4
1,68,2,521.31,1
1,20,5,1620.3,4
0,71,2,468.74,2
1,68,1,539.82,1
0,29,5,1940.6,3
0,29,4,300.08,4
0,33,4,350.15,2
1,33,7,376.3,3
1,50,5,805.57,4
1,57,4,247.35,3
0,26,4,785.37,4
0,38,2,702.1,4
0,48,6,132.92,2
0,50,1,1984.3,3
1,47,3,772.59,4
1,44,3,1194.2,4
1,36,5,1994,4
0,26,5,2540.9,4
1,32,2,539.76,3
0,29,6,403.01,2
1,33,6,902.08,3
1,26,8,202.08,3
1,34,4,1713.4,4
1,22,4,465.5,4
1,31,5,696.83,3
1,56,6,479.18,3
1,67,3,320.77,1
0,55,7,61.22,2
0,60,2,2532.4,3
1,29,6,473.1,3
0,65,5,248.17,1
1,65,3,834.47,3
0,57,3,108.73,2
1,26,5,110.04,3
0,76,1,22.72,2
0,56,1,350.13,2
1,62,2,714.28,1
1,74,8,274.23,3
0,51,4,163.49,2
0,48,8,300.05,2
1,45,7,384.29,4
1,33,6,1745.3,1
0,28,5,289.51,2
1,39,7,439.11,3
1,71,4,63.69,1
0,47,7,577.18,4
0,60,3,363.98,2
0,42,3,328.11,2
0,56,3,164.22,2
0,27,2,1221.1,4
1,39,7,357.82,3
0,67,5,336.37,2
0,45,6,70.67,2
1,21,7,841.38,4
0,63,4,159.82,2
0,61,5,242.96,2
1,38,4,89.25,3
0,79,4,396.2,2
1,53,6,805.51,3
0,24,4,1335.6,4
1,51,8,1092.7,4
1,57,4,804.37,1
1,27,5,864.8,4
0,23,3,1231.6,1
0,31,2,63.78,2
0,74,2,245.6,2
1,43,1,449.29,4
1,56,8,587.09,1
1,29,5,1430.3,4
0,29,4,1051.7,4
0,57,1,2687.1,3
0,34,5,446.29,2
1,37,3,126,1
1,19,8,1263.6,1
1,48,5,362.99,3
1,66,6,311.8,3
1,26,5,127.46,1
0,46,1,230.13,2
1,49,5,371.6,3
0,47,2,420.33,2
0,32,5,575.8,3
0,42,2,1320.7,3
1,39,6,1200,1
0,51,3,562.37,4
0,34,6,2753.6,4
0,49,4,2743.9,4
1,39,2,1994.7,4
0,73,3,222.45,2
1,74,3,948.54,3
1,41,2,1710.3,4
1,36,5,744.74,1
0,78,4,43.8,2
1,37,4,603.66,1
1,46,5,364.65,1
1,56,5,773.24,1
0,47,6,2155.1,4
0,81,6,92.43,2
0,42,6,2141.6,4
1,26,5,193.77,4
0,33,2,74.92,2
1,71,7,394.2,3
1,27,6,206.64,4
1,50,3,1346.7,4
1,59,3,371.04,3
0,62,6,179.56,2
0,19,7,456.01,4
1,28,5,1654.6,4
1,62,6,821.86,3
0,84,2,203.81,2
0,63,5,192.85,3
1,50,5,1395.4,1
0,41,7,1098,3
1,50,2,1550.4,4
0,31,1,2479.3,3
0,21,4,1380.3,4
1,38,4,1150.5,4
0,46,2,512.9,3
1,54,7,52.96,1
0,36,6,1195.6,3
1,41,3,54.3,4
1,44,1,473.24,4
1,46,5,520.01,1
0,51,6,432.12,2
0,43,4,282.34,2
1,36,5,1998.6,4
1,48,3,761.43,3
0,36,6,198.01,2
1,23,1,1479.8,1
0,25,2,2168.1,4
1,38,2,508.24,4
0,49,8,114.01,2
1,54,6,788.23,3
0,57,3,41.06,2
0,81,8,32.98,2
1,28,6,119.44,4
0,84,3,167,2
0,62,6,2479.2,4
1,54,6,715.61,3
1,53,6,1136.4,4
1,43,5,171.55,3
0,45,8,778.46,3
0,46,8,1039.4,4
0,52,7,155.89,4
0,52,4,598.16,4
1,25,2,1018.3,4
1,53,8,1847.1,4
0,60,2,449.99,2
1,31,5,1433.6,4
0,53,8,2180.6,4
1,35,5,1465.1,1
0,41,8,1379.2,1
0,63,7,742.48,3
1,44,8,673.51,4
0,58,2,173.04,2
1,45,8,1163.4,4
0,50,2,1925.5,4
0,22,4,1604,4
0,29,8,2593.6,4
0,34,6,296.66,2
1,36,7,82.55,3
0,29,1,2430.4,3
1,25,1,844.89,1
0,33,2,1968.1,4
1,23,2,472.21,4
0,76,7,436.97,2
0,40,4,309.75,2
1,48,5,1595.1,4
0,59,4,166.46,4
0,58,7,91.01,2
0,20,2,400.31,1
0,61,5,1546.2,3
0,74,3,391.4,2
0,49,3,44.9,2
0,54,1,125.92,2
1,45,8,1938.6,4
0,71,5,258.35,2
1,32,2,1767.7,4
1,23,7,364.73,1
1,51,1,55.07,3
1,27,4,339.81,1
1,69,4,51.27,3
0,59,5,12.77,2
1,69,2,645.61,3
0,83,4,370.91,2
0,37,7,1127.7,1
0,61,2,439.65,2
1,25,6,127.85,1
0,43,8,1618.7,4
0,35,5,69.78,2
0,57,2,463.91,2
0,77,4,174.13,2
0,33,3,448.21,2
0,54,3,247.16,2
1,49,2,1620.3,1
1,40,8,627.6,1
1,42,2,1538.5,4
0,33,5,571.08,3
1,45,2,712.71,1
1,49,7,1286.7,4
0,51,3,2589.2,3
0,80,6,313.91,2
1,25,6,1428.5,4
0,21,7,339.29,4
1,50,7,456.19,4
0,31,3,103.6,2
0,51,3,275.81,2
1,26,8,208.72,3
0,25,6,496.46,4
1,46,1,1448,4
1,68,7,642.1,1
1,35,3,699.78,3
1,52,7,953.56,3
0,30,7,262.22,2
0,21,8,126.48,4
1,45,3,1023.1,1
0,28,2,1971.5,4
0,67,6,366.2,2
1,48,1,168.64,3
0,31,7,2417.5,4
0,37,7,254.39,2
0,36,2,63.61,2
1,28,5,951.43,3
0,42,5,984.12,4
1,37,8,703.9,4
0,56,6,330.79,2
0,48,2,2448.9,4
1,35,6,223.76,1
0,59,2,1998,4
1,69,2,506.71,1
0,33,7,622.81,4
1,48,3,594.61,1
1,63,6,789.48,1
0,53,3,2473,3
0,64,3,57.59,2
0,80,6,205.46,2
1,63,7,639.21,1
0,51,4,12.44,2
0,73,4,287.8,2
1,68,2,742.78,3
0,64,5,274.95,2
1,46,7,927.82,4
1,30,4,1142.2,4
1,20,2,651.25,4
0,38,6,1995.5,3
0,50,4,327.21,2
1,47,6,1575.6,1
0,34,6,288.5,2
0,42,2,51.85,1
1,69,6,61.29,1
0,70,8,585.5,1
0,53,3,418.19,4
0,60,7,44.98,2
1,72,7,552.21,3
0,34,3,1860.7,4
0,72,4,290.57,2
0,74,8,42.59,2
1,68,5,163.87,1
1,58,8,252.66,3
1,39,3,373.12,3
1,62,4,839.96,1
0,20,7,1867.2,3
1,41,1,734.97,3
1,57,4,222.01,3
1,59,3,534.55,1
1,33,7,333.38,4
0,63,3,1006.3,4
1,25,6,655.85,1
1,31,7,420.43,4
0,47,4,39.36,2
1,53,4,1144,1
0,40,5,814.22,1
1,73,6,269.79,3
1,35,7,563.16,4
1,40,6,255.44,1
0,50,7,327.91,2
0,53,1,318.2,4
0,35,6,22.32,2
0,25,5,1450.4,4
1,37,2,723.87,3
0,46,6,2401.6,4
0,35,3,23.02,2
0,38,3,1608.2,3
0,54,2,13.99,2
1,31,2,422.67,4
1,28,6,1061.1,4
1,54,5,898.4,3
0,49,4,237.27,2
1,53,5,486.65,3
1,43,6,790.76,4
0,66,4,211.56,2
1,35,2,1292.1,4
1,66,7,252.56,3
1,28,5,1586.4,4
1,52,8,178.44,3
1,43,5,676.68,3
0,33,2,1146.7,4
1,31,3,680.12,3
0,62,3,112.43,2
0,67,7,83.43,2
1,22,7,885.21,1
0,51,6,2942.7,4
0,23,4,625.74,3
0,61,8,172.9,2
0,22,3,2972.6,4
0,46,5,138.58,2
1,45,7,318.93,1
0,51,4,5.94,2
0,43,5,1048.8,3
0,45,6,2533.6,3
1,51,6,558.71,1
0,38,1,403.25,2
0,35,7,66.25,2
1,36,8,813.28,1
0,30,2,63.24,2
0,49,1,116.12,2
0,21,2,699.47,3
0,61,6,100.23,3
1,53,4,1597.1,4
1,51,8,146.67,3
0,43,8,62.18,2
0,21,7,1149.7,3
1,34,4,1453.9,4
0,75,3,169.83,2
0,52,8,2716.2,4
0,40,3,1197.1,4
1,36,2,1494,4
0,58,7,350.72,2
1,49,3,226.16,1
0,80,6,137.13,2
1,54,2,323.34,1
1,51,5,1095.2,4
1,52,3,986.22,4
1,37,7,1351.9,4
0,55,5,369.14,2
0,70,1,249.01,2
0,35,7,464.68,2
0,56,2,182.7,2
0,59,7,381.99,2
0,53,6,473.21,2
0,81,7,36.61,2
1,42,5,764,3
0,78,5,475.56,2
0,33,7,696.39,4
0,42,5,265.34,2
1,48,5,1151.8,4
1,32,4,995.86,3
1,38,3,525.88,4
0,56,3,2906.7,4
0,31,1,2457.6,3
1,32,1,904.48,4
0,72,4,208.09,2
1,47,2,485.73,4
1,25,4,424.88,1
1,32,6,833.57,1
1,34,7,840.1,4
0,48,2,348.43,3
0,60,4,1952.6,4
1,24,6,430.61,4
0,54,6,84.55,2
0,46,7,160.95,2
0,40,2,2273.9,4
0,45,2,2522.2,4
1,35,1,88.03,4
1,27,7,193.47,1
1,50,6,1914,4
1,40,2,602.52,3
0,29,8,340.99,4
0,41,1,392.48,2
0,64,3,390.32,2
0,32,2,440.47,1
0,81,6,219.61,2
0,24,5,2398.5,4
1,64,7,723.12,1
0,28,8,306.24,2
0,74,2,473.34,2
1,40,7,705.59,1
1,44,6,894.19,1
0,48,2,92.17,2
1,32,2,259.09,3
1,41,4,135.25,1
0,44,6,2559.8,3
1,53,3,790.79,1
0,59,3,210.53,2
0,43,7,712.56,4
1,71,7,548.78,3
0,42,7,245.96,2
1,53,6,474.15,1
1,42,1,386.37,1
0,54,5,2329.9,3
0,75,2,483.23,2
1,22,2,803.49,4
0,22,6,1175.8,4
1,25,2,59.17,4
0,55,2,418.91,2
0,26,6,1640.9,4
0,21,7,2105.6,4
0,33,8,21.37,2
0,46,4,59.12,2
0,80,8,166.97,2
0,25,8,1138.5,4
1,42,2,830.14,4
0,56,2,1680.9,4
1,57,7,932.12,3
1,40,8,483.71,1
0,43,7,466.81,4
0,52,7,994.07,4
0,80,5,418.41,2
1,33,1,130.83,1
0,52,3,1670.3,3
1,65,4,260.09,1
1,64,5,331.95,3
0,56,5,1540.8,3
0,44,3,1514,3
0,56,4,2738,4
1,52,3,1582.1,4
1,70,8,509.58,1
0,58,3,80.43,2
0,20,3,2577.9,4
1,23,5,765.51,1
0,25,1,1926,1
0,45,6,239.42,4
1,40,7,816.55,1
0,72,7,126.45,2
1,51,3,646.22,4
0,36,4,2704.8,3
0,52,3,132.97,2
1,35,5,1115.3,1
1,21,5,157.89,4
0,61,6,32.41,2
1,52,6,893.78,4
0,54,4,1746.4,4
0,28,6,1697.9,4
0,23,6,959.53,3
0,36,3,281.99,2
0,20,3,2522.5,4
0,39,7,227.89,3
1,45,2,941.78,4
1,53,1,335.2,3
1,36,5,1538.3,1
0,51,1,514.96,4
0,45,5,2908.3,4
0,58,4,291.11,2
1,19,5,1148.4,1
1,52,3,1591,4
1,27,3,1952.2,4
0,37,3,2751.9,4
0,30,4,533.28,1
1,26,7,433.98,4
1,46,3,986.71,3
1,20,6,1614.7,4
1,41,4,296.49,3
1,36,4,1660.7,4
0,76,5,453.58,2
0,51,6,2808.9,3
0,56,4,121.85,2
0,59,2,392.26,2
0,42,5,2861.3,4
0,23,8,1567.4,1
0,29,4,871.29,4
0,53,5,751.03,4
0,25,4,1407.4,4
1,54,3,1007.9,4
1,41,8,1670.3,4
0,61,4,2282.7,3
0,29,7,116.3,2
1,27,3,926.55,3
1,49,2,1610.7,4
1,25,7,438.42,1
1,50,5,589.02,4
0,22,8,1982.2,3
1,42,6,864.64,4
0,31,6,180.53,2
0,55,3,529.31,3
1,32,5,52.56,4
1,25,4,82.18,1
1,44,3,927.21,3
0,36,5,1304.7,4
0,33,7,375.26,2
0,53,4,2911.2,4
0,25,6,228.96,3
0,39,6,278.84,2
1,25,2,470.46,4
0,39,7,581.68,1
0,52,5,301.2,2
0,49,4,491.44,3
1,32,8,1410.7,4
0,54,2,513.35,4
0,37,3,289.36,2
1,28,4,1690.7,4
0,59,5,2349.1,4
0,74,2,114.96,2
0,62,2,740.47,4
0,71,3,300.15,2
0,67,8,38.02,2
1,29,7,1310.9,4
1,30,7,117.81,4
0,32,8,165.29,2
1,38,4,1488.9,1
1,38,5,317.13,1
0,25,7,1727.3,4
0,46,7,854.56,3
1,28,8,234.61,1
1,28,1,186.21,4
1,28,5,1734.1,1
0,52,7,357.22,2
1,57,4,577.21,3
0,71,4,196.95,2
0,58,3,677.17,4
0,55,6,21.24,2
1,29,7,1538,4
0,39,6,106.09,3
0,51,1,2889.6,3
0,54,4,497,2
1,53,7,1062.5,4
0,36,4,2108.8,3
1,36,5,1937.6,1
0,70,6,283.55,2
0,31,1,1171.6,4
0,71,3,409.21,2
1,24,4,703.08,1
1,27,2,1385.8,4
1,60,2,845.27,3
1,58,2,363.15,3
1,34,6,264.97,3
0,20,1,856.58,4
0,34,3,1296.8,3
0,45,6,358.9,1
0,50,5,315.27,2
0,46,6,87.46,1
0,60,3,214.2,2
0,77,6,456.49,2
0,56,2,514.99,3
1,30,2,186.77,1
1,56,3,776.18,1
1,50,3,762.63,3
0,38,4,218.57,2
0,47,4,1480.8,4
0,61,6,1333.7,4
0,80,2,453.09,2
1,21,6,709.73,1
1,37,3,1565.6,4
1,47,6,120.62,1
0,77,6,297.06,2
1,70,3,239.36,3
0,34,5,84.06,1
0,38,4,411.48,1
0,84,5,343.34,2
0,41,3,344.5,2
1,32,7,650.18,1
0,85,4,108.72,2
1,39,3,1122.4,1
1,45,5,353.85,3
1,29,3,1648.5,4
1,26,6,1272,1
1,54,2,985.72,3
1,43,1,245.7,3
1,49,4,146.56,1
0,40,1,2542.4,3
1,38,5,177.84,1
0,57,1,211.07,2
1,43,3,1625.3,1
0,36,2,2751.4,4
0,57,1,131.54,2
0,50,3,440.9,2
1,27,8,729.03,4
0,45,3,175.62,2
0,25,5,296.32,3
0,31,2,2176.2,4
0,42,7,699.74,1
1,53,6,464.82,3
0,35,7,980.5,4
1,25,4,1930.9,4
0,64,7,835.07,1
0,33,4,454.05,2
1,27,1,993.11,4
1,36,4,1153.4,1
0,75,6,451.29,2
1,41,1,1256.2,1
1,39,4,235.15,4
0,22,1,698.54,4
1,54,8,1598.2,1
0,30,2,650.69,4
1,67,2,586.08,3
1,49,7,510.37,4
0,78,2,87.94,2
0,74,3,13.39,2
0,27,8,1270.2,3
0,79,8,243.88,2
0,58,7,188.73,1
0,23,5,2433.6,4
1,32,8,818.64,1
1,32,5,362.93,1
0,45,6,316.29,1
1,48,7,400.34,4
0,35,1,1274.4,4
1,46,2,1828.2,1
1,27,6,761.98,3
0,57,3,241.53,2
0,52,7,1041.8,4
0,31,6,465.16,2
0,55,6,1652.8,4
1,51,7,1384.8,4
0,71,2,230.08,2
0,58,7,203.08,2
0,31,2,672.87,4
1,26,6,886.01,1
0,28,7,166.87,2
1,47,2,1558.7,4
0,76,3,498.79,2
1,46,4,904.07,3
1,50,4,827.63,3
1,29,1,674.45,4
0,35,4,308.29,2
1,42,2,397.34,4
0,38,5,1603.4,4
0,55,8,23.4,2
1,22,4,688.7,4
0,43,2,736.31,1
0,20,5,2236.4,3
1,52,5,409.82,1
1,56,8,873.24,3
0,60,6,5.23,2
1,49,5,258.59,3
1,23,4,553.53,1
0,37,8,2914.3,3
1,27,7,1620.8,4
1,49,2,961,3
0,28,5,479.29,1
1,54,5,262.36,3
0,38,7,1396.3,1
1,32,4,398.3,1
0,41,2,1745.6,4
0,67,2,332.34,2
0,37,6,394.13,2
0,47,2,2575.2,4
1,35,6,1880.2,4
0,38,1,1038,4
0,37,5,335.97,2
0,34,3,587.53,3
0,56,5,8.56,2
0,79,3,451.49,2
0,36,8,674.73,3
0,41,8,2153.4,4
1,20,6,816.94,4
1,29,7,715.68,1
1,31,4,985.3,3
1,64,7,950.59,3
0,59,3,2468.1,3
1,46,6,1186.9,1
0,31,1,838.56,1
0,49,3,425.41,2
0,33,2,382.87,1
1,42,6,740.28,1
1,52,2,362.41,4
1,39,1,1953.5,4
0,57,3,691.9,1
0,30,1,259.92,2
0,19,1,609.49,4
0,61,2,207.16,2
0,55,3,198.18,2
0,20,7,1011.9,4
0,73,4,223.6,2
0,60,5,2285.1,4
0,82,4,63.89,2
0,72,6,139.83,2
1,68,1,383.53,1
1,54,3,401.58,1
1,36,1,571.98,4
0,56,6,1573.2,4
0,32,4,2303.8,4
0,39,3,27.25,2
0,56,2,366.97,2
0,35,5,420.8,2
0,51,4,2723.8,4
0,55,1,285.61,2
1,27,5,908.6,3
1,47,3,495.76,1
1,32,2,1090.6,4
1,40,8,1894.1,1
1,70,7,668.85,1
1,24,7,852.67,1
1,49,4,1353.5,1
0,20,6,2142.8,4
0,29,3,461.68,3
1,52,6,1838,1
0,50,5,206,2
0,73,2,455.22,2
0,36,6,1208.4,4
1,50,1,765.74,3
1,64,3,312.46,3
1,27,4,135.72,3
0,62,3,1840.5,4
1,27,7,937.26,1
1,35,3,1201.4,4
0,50,8,1863.6,4
0,41,7,2193.4,4
0,42,5,2502.4,3
0,79,4,488.7,2
1,21,2,857.82,4
0,42,3,12.37,2
1,46,8,1649.6,1
1,58,6,736.94,3
0,66,1,245.28,2
0,34,3,1066.5,4
0,69,8,356.09,2
0,38,1,210.74,2
1,54,3,1548.2,4
0,45,4,251.24,2
1,54,1,183.78,1
0,67,6,479.74,2
0,58,2,40.24,2
1,24,3,1869.4,4
0,54,2,1781.1,4
0,34,5,176.01,2
1,22,5,1407.1,4
0,53,2,1069.3,4
0,41,2,1917.5,4
1,35,6,348.59,1
0,44,4,2292.7,4
1,55,6,827.77,1
0,45,5,32.69,2
0,22,3,353.68,4
0,38,7,490.41,2
0,31,6,1592.3,3
1,46,2,588.51,4
0,54,5,423.44,2
1,27,7,1290.6,4
0,52,4,357.86,2
0,54,1,57.39,2
0,47,2,63.57,2
1,51,5,1491.7,4
1,30,8,883.6,1
0,36,3,93.11,1
0,29,2,360.95,2
0,20,7,722.93,4
1,62,2,325.3,3
0,41,3,50.5,2
0,42,5,114.49,2
0,72,7,153.62,2
0,36,6,1604.5,4
0,60,3,1573.1,4
0,35,5,187.31,2
1,42,5,102.61,3
1,47,6,502.32,1
1,50,2,872.57,1
0,51,2,464.69,2
1,31,3,457.15,4
1,43,6,918.05,4
0,45,4,360.89,2
0,50,5,685.63,4
0,56,7,729.33,4
1,19,3,1868.2,4
0,62,5,1566,4
0,42,7,904.66,4
0,45,3,493.6,1
0,19,7,537.04,4
0,57,1,462.34,2
0,60,7,244.34,4
1,70,2,375.8,3
0,49,2,1247.2,4
0,74,8,321.49,2
0,57,7,398.26,2
1,25,6,1639,1
0,80,7,429.77,2
0,52,2,212.33,2
1,29,2,413.93,3
1,61,7,187.55,3
0,28,5,2153.3,3
0,40,3,1474.2,4
0,29,2,254.49,2
1,47,7,995.91,4
0,42,7,316.97,2
1,39,5,1263.1,4
1,53,5,270.16,4
0,38,4,189.18,4
0,55,2,1136.3,4
0,47,5,460.41,2
0,56,3,84.82,2
0,30,3,270.05,2
0,68,6,16.05,2
1,29,8,1589.3,4
1,53,3,1676.6,4
0,37,2,426.97,2
0,37,6,1789.4,3
1,59,8,986.1,3
0,36,4,421.38,2
1,50,6,678.71,4
1,23,2,939.31,4
1,45,6,570.4,3
0,40,6,363.98,2
1,52,5,670.54,3
1,41,5,1802.1,4
0,84,2,385.32,2
0,55,3,1456.4,1
0,56,4,331.76,4
0,23,5,1782.1,1
0,57,4,99.47,2
1,41,4,559.64,1
1,63,5,998.13,1
1,28,6,184.21,4
1,40,2,294.82,3
0,34,6,361.4,2
1,58,3,961.74,3
1,45,3,94.83,3
0,79,5,190.99,2
1,47,5,687.66,1
0,36,7,416.65,4
0,40,3,379.99,2
0,32,7,2544.9,4
1,50,2,469.69,3
1,57,2,177.68,3
0,40,6,1750.9,4
1,44,5,1801.9,4
0,51,3,1579.1,4
1,69,5,994.78,1
0,78,2,149.24,2
0,36,5,465.02,2
1,54,4,136.34,3
0,60,3,1856.4,3
1,35,5,1434.5,4
1,73,7,677.22,3
0,55,4,712.34,1
1,26,3,1336.5,4
0,41,6,318.28,2
1,55,6,925.64,3
1,73,7,322.52,3
1,38,6,279.32,3
0,49,4,845.69,4
0,60,4,1195.7,4
0,76,8,194.97,2
0,60,6,2103,3
1,72,2,141.92,3
1,60,5,985.99,1
0,34,4,1065.1,4
0,58,5,2672.5,4
0,61,2,314.29,2
0,57,3,897.34,4
1,34,1,168.06,3
0,29,2,1238.4,3
1,41,6,770.76,3
1,42,6,378.84,4
0,40,5,164.49,1
0,72,2,395.97,2
0,36,2,324.09,2
1,28,5,1340.7,4
0,42,7,640.7,4
0,63,8,1964.1,4
0,45,2,399.01,3
0,20,1,1685.6,4
1,27,8,513.25,4
0,42,2,1888.4,4
0,35,1,352.88,2
0,35,5,2358.5,4
1,34,7,112.22,1
0,47,5,2845.2,4
0,59,2,333.64,4
1,63,4,660.08,3
1,43,4,62.7,1
0,40,6,2307.3,4
1,48,7,864.75,1
1,42,3,1814.5,4
0,82,7,153.52,2
0,25,5,1344,4
0,35,7,314.8,4
0,52,4,395.55,2
1,36,6,1304.1,4
0,19,6,1519.8,4
0,41,7,420.93,2
0,20,8,688.42,3
1,54,7,1150.5,4
1,48,8,1228.9,1
1,55,8,317.38,1
0,28,2,2209.2,4
0,56,4,330.36,2
1,30,8,519.31,1
1,48,3,874.09,1
0,31,2,1712.9,3
0,35,4,1164.3,1
1,46,2,930.82,1
1,26,3,283.91,3
0,51,2,2886.9,4
1,32,5,645.52,4
0,32,1,724.82,4
0,56,3,2582.4,3
0,71,4,140.8,2
1,44,5,960.69,1
1,48,2,282.53,4
0,19,8,423.77,3
0,32,4,328.74,3
0,55,6,2312.1,3
1,28,5,444.12,4
1,72,3,645.88,3
0,45,4,1151.1,4
0,59,3,103.92,2
0,72,7,111.35,2
0,58,4,1381.6,4
1,26,8,1558.6,4
1,19,2,70.39,4
1,25,8,989.24,1
1,55,6,1810.8,4
0,59,1,318.35,2
0,30,3,1194.8,4
0,57,2,1831,4
0,49,5,265.46,2
1,45,7,1310.6,4
1,24,6,1845.4,1
0,22,7,2927.2,4
0,59,5,438.32,2
0,20,6,382.06,3
1,52,3,500.34,4
1,20,5,1954.2,4
1,46,6,406.86,3
1,53,6,927.22,1
0,55,6,2067,4
0,62,4,206.92,2
1,63,6,244.01,3
1,38,1,499.95,1
0,49,7,178.66,2
1,55,7,801.78,3
1,42,8,463.07,3
0,57,1,835.84,3
1,40,2,518.67,3
1,21,1,705.04,4
0,36,4,1999.2,1
0,33,2,1116.8,3
0,42,5,78.64,2
1,24,3,1971.2,4
0,19,2,607.44,1
1,29,8,1612.4,4
1,55,4,803.5,1
1,67,8,329.88,1
1,26,6,925.74,4
0,26,7,920.38,3
0,30,6,1221.2,4
0,31,7,24.24,2
0,63,6,1560.1,4
0,40,6,2710.7,4
0,54,6,1869.3,1
1,49,7,1040.5,4
0,45,6,985.01,3
1,36,3,722.15,4
0,35,4,386.84,2
1,37,8,906.87,1
1,59,2,917.02,3
0,23,2,2727.4,3
0,43,6,60.52,2
1,30,6,1087.5,4
0,59,7,1339.9,4
1,44,3,167.57,1
0,42,7,2741.1,4
1,73,4,821.13,1
0,55,5,401.71,2
0,61,1,167.99,2
0,39,7,1645.2,4
0,34,6,53.15,2
1,22,2,1215.1,4
1,20,4,1207.8,4
1,41,8,142.15,1
0,35,2,107.62,2
1,67,6,476.71,1
0,85,5,264.28,2
0,59,2,2386.6,3
0,44,5,999.01,1
0,34,1,172.43,2
0,44,4,134.77,3
0,28,5,287.61,2
1,41,7,695.98,4
1,48,5,128.79,1
0,33,4,1628.7,1
0,53,4,981.1,1
1,48,5,1840.3,4
0,68,8,80.6,2
1,47,5,461.61,1
1,37,3,770.7,1
1,69,6,560.95,3
0,31,8,1873.2,4
0,23,5,2284.9,3
1,40,8,1208.7,1
1,46,3,605.92,1
1,73,7,544.43,3
0,71,6,274,2
1,36,8,307.17,4
0,30,8,1832.2,4
1,58,7,306.75,1
0,42,7,251.31,2
0,40,5,1628.8,4
0,68,1,281.11,2
1,42,1,187.8,1
1,35,4,1068,4
0,44,1,673.4,4
1,69,5,110.23,3
0,82,8,45.79,2
0,68,2,232.59,2
1,45,1,1629.5,4
1,35,4,185,4
0,45,3,508.29,4
1,40,4,783.17,1
0,28,4,2902.9,4
1,25,3,349.59,3
0,53,2,346.59,2
1,51,4,223.48,4
1,55,3,891.03,4
0,49,3,381.57,2
0,57,2,206.86,4
0,76,7,495.5,2
1,46,7,479.83,4
0,33,7,2601,4
0,59,7,1952.5,3
1,44,1,1630.6,4
1,22,1,1441.3,4
1,46,8,1188,4
1,26,7,1555.1,1
1,46,1,391.91,4
1,38,8,704.03,1
0,35,5,1955.6,3
1,51,6,1183.7,4
1,41,3,1384.5,4
0,40,4,266.46,2
1,46,2,719.03,1
1,28,5,1788.1,1
0,56,7,2008,3
1,64,5,339.85,1
0,48,2,2939.5,3
1,25,1,91.01,4
0,51,5,562.62,4
1,55,6,976.49,1
1,31,2,1270.6,4
1,47,7,821.09,1
0,42,7,1923,4
0,44,6,245.04,2
1,63,2,457.24,3
0,63,4,446.05,2
0,57,8,303.8,1
1,34,5,340.41,1
1,23,5,1777.3,1
0,56,7,1656.7,4
0,35,3,265.9,1
1,37,1,779.64,4
1,47,2,1279.9,1
1,48,7,595.64,3
0,74,2,161.4,2
1,53,7,372.35,3
0,50,3,294.6,2
1,30,3,419.9,4
1,45,3,377.34,4
0,85,3,437.7,2
1,34,3,221.04,4
0,57,7,214.77,2
1,26,7,739.58,3
1,51,6,597.27,3
0,71,4,145.05,2
1,55,1,1231.2,4
1,34,5,1273.9,4
1,36,7,533.95,4
1,42,1,424.98,4
0,69,3,267.84,2
0,72,8,965.54,1
1,47,7,1991.3,4
0,48,7,129.63,2
0,68,6,23,2
0,66,5,241.11,2
0,56,4,1498.1,4
1,25,1,123.85,1
0,34,3,133.16,2
1,51,2,560.64,3
0,35,2,2409.1,4
0,84,3,453.46,2
1,74,2,257.47,3
0,57,3,219.45,2
0,54,6,223.37,2
1,31,6,254.35,1
1,37,5,854.31,3
0,41,3,1385.3,3
1,29,5,1029,1
1,59,5,282.13,3
1,55,4,441.14,3
0,32,5,468.25,2
0,42,5,431.56,2
0,52,6,850.57,4
0,65,6,338.98,2
1,31,7,231.55,1
0,52,5,40.63,2
0,63,2,357.36,2
0,22,5,2632.2,4
0,81,4,367.07,2
0,19,5,961.15,4
1,39,6,959.57,4
0,75,7,271.42,2
0,36,5,376.46,4
1,28,8,556.42,1
1,67,2,199.33,1
0,48,8,448.86,2
0,56,3,223.21,2
1,39,4,818.7,1
1,27,7,1136.2,1
0,42,3,270.68,2
1,50,6,1262.2,4
0,32,4,289.94,2
0,61,4,431.07,3
0,70,7,432.24,2
1,28,4,83.35,3
0,39,5,1911.5,4
1,60,6,248.73,3
1,52,6,1274.3,4
1,65,2,439.49,1
0,81,1,36.81,2
1,37,2,1250.5,4
0,42,2,424.12,3
1,32,4,1860.2,4
0,31,3,2964.1,3
1,50,7,356.68,3
0,75,5,412.18,2
0,79,7,273.28,2
0,66,4,497.34,2
1,52,3,202.92,1
1,40,4,1319.7,4
0,53,5,1950.5,4
1,32,8,592.28,1
1,23,3,1494.9,1
1,44,1,684.27,4
0,48,2,167.05,2
1,71,3,509.64,3
0,53,8,1333.6,4
0,70,4,160.73,2
1,44,3,993.73,1
1,47,5,1924.9,1
1,29,1,1290.4,1
1,22,2,214.61,4
1,34,4,637.34,4
1,39,3,849.53,1
1,44,7,765.46,4
0,64,2,412.99,2
0,59,4,1987.8,4
0,26,4,2822.4,3
0,46,7,136.38,2
1,44,2,1979.6,1
1,53,4,576.26,3
0,63,8,226.05,2
1,38,5,526.52,3
0,47,4,444.7,4
0,56,5,401.44,1
0,30,1,2104.5,4
0,69,1,154.61,2
0,35,4,724.97,1
1,34,3,606.07,4
0,54,5,929.62,4
1,33,1,405.29,3
1,43,7,846.15,4
1,49,5,920.72,4
1,51,6,1395.3,4
1,67,6,237.17,1
0,54,4,435.63,2
0,46,7,1873,4
1,46,3,285.24,1
0,77,5,166.44,2
1,31,1,357.01,4
0,53,6,291.84,2
0,42,1,214.88,2
0,41,7,35.31,2
0,55,3,2632.8,3
0,41,5,382.09,2
1,48,4,79.43,4
0,43,5,2645.1,4
1,56,8,644.36,3
1,23,2,523.33,1
0,47,5,120.88,2
0,30,4,46.86,2
1,62,7,557.83,1
0,30,4,2438.9,3
1,67,7,348.23,1
0,48,5,205.85,2
0,44,2,1341.9,4
1,48,7,845.8,3
0,47,1,36.42,2
0,37,7,80.06,2
0,30,7,338.76,2
0,54,8,1070.6,4
0,36,8,1208.7,3
1,49,4,807.08,3
1,60,8,916.39,3
0,65,7,247.01,2
1,42,7,639.54,4
0,46,1,1817,4
0,68,2,267.07,2
1,29,1,380.38,4
0,53,3,331.02,2
1,34,2,775.35,3
1,58,6,714.18,3
1,23,1,580.68,4
0,65,3,227.82,2
0,34,5,168.77,1
1,53,1,1128.9,4
1,32,6,647.4,3
0,45,2,2392.7,4
0,35,2,110.57,2
0,29,7,61.44,2
0,25,6,1785.8,4
1,48,4,885.99,4
0,46,4,1211.2,4
1,26,5,784.48,4
0,40,1,2575.6,4
1,73,1,372.8,3
0,20,8,1694.5,4
0,34,4,13.12,2
0,82,6,354.5,2
1,61,3,96.47,1
1,41,1,438.22,3
0,77,6,107.64,2
1,46,1,876.71,1
0,42,6,287.35,2
0,68,5,62.92,2
1,39,6,1928.4,4
0,30,3,194.97,4
0,59,8,2213.6,3
0,32,3,461.24,2
0,54,6,2262.5,4
1,45,6,721.82,3
1,24,7,481.96,1
1,38,3,426.86,4
0,24,3,2168.6,3
0,44,7,383.93,2
0,51,3,183.76,1
1,38,2,1199.8,1
0,62,7,280.83,2
1,34,8,1383.7,4
0,74,5,5.98,2
1,33,3,214.58,1
0,45,6,2320.7,3
0,82,2,438.43,2
0,30,3,2626.2,4
0,84,4,120.78,2
1,24,3,682.82,3
1,74,7,161.64,3
0,70,1,300.25,2
0,54,6,44.98,2
1,28,1,1399.4,1
0,48,2,519.05,1
1,22,4,251.55,1
1,33,6,296.31,3
1,48,2,1285.2,4
0,34,3,2614.2,4
0,42,7,433.35,2
0,24,8,2099.8,4
0,55,4,2656.1,4
1,46,4,68.72,1
0,23,5,267.88,4
1,34,2,1293.6,4
0,35,7,1580.1,4
1,45,7,501.32,1
1,55,2,1096.4,1
0,61,2,324.07,2
1,45,4,208.74,1
1,39,5,1954,4
1,32,3,735.56,3
1,48,1,1833.3,4
1,48,7,693.13,1
0,20,7,2772.2,3
1,20,2,1805.5,4
0,59,2,2563.5,3
1,37,5,606.01,3
1,55,3,776.99,3
0,46,7,1400.4,3
1,53,2,274.25,4
0,27,3,149.38,3
0,33,3,473.6,2
1,22,3,1264.7,4
0,37,3,550.26,3
0,39,4,2709.9,4
1,30,3,314.48,3
1,49,4,1275.4,4
1,41,2,125.1,3
1,38,5,314.76,3
1,30,8,413.11,4
0,37,8,100.96,1
1,27,1,837.49,4
0,38,6,2825.2,3
0,36,4,77.21,2
0,41,5,139.38,4
0,49,7,1607.4,3
0,79,5,91.6,2
0,79,1,55.32,2
0,30,7,238.08,2
0,57,4,2017.8,4
1,71,8,59.35,3
1,21,3,1199.4,4
0,51,2,232.97,3
0,84,4,339.27,2
0,48,1,383.54,2
1,31,6,331.69,1
0,72,5,74.69,2
0,33,7,1925.5,4
0,30,2,1491.3,3
0,60,3,1143.1,3
1,22,4,871.55,4
1,58,2,865.53,1
0,56,7,2420.1,4
1,22,3,218.7,1
0,83,6,288.47,2
1,60,2,545.97,1
1,45,1,297.17,1
1,28,5,273.02,3
1,54,5,549.14,1
0,76,7,42.89,2
1,39,3,103.86,1
1,30,2,669.04,4
0,70,5,397.51,2
1,24,5,535.88,4
1,30,4,1896,4
0,55,5,1270.1,4
0,48,4,927.49,1
1,41,2,916.39,3
1,41,5,1714.4,1
1,25,5,828.64,4
1,29,3,598.54,1
0,44,5,206.04,2
0,34,5,2650.9,4
0,32,6,84.29,2
1,46,3,56.8,1
0,45,2,2298.5,3
1,52,3,778.28,4
0,70,8,32.21,2
1,64,3,863.18,1
0,33,2,458.14,2
0,57,8,820.12,4
1,47,7,759.98,3
1,32,4,1650.9,1
0,66,3,181.39,2
0,71,4,307.57,2
1,52,6,1787.1,4
1,33,8,1191.7,1
0,59,6,369.59,2
1,38,2,176.29,3
0,85,6,317.22,2
0,79,7,255.98,2
0,75,2,361.06,2
1,59,7,554.8,3
1,54,4,1458.5,4
0,80,5,368.14,2
1,26,4,984.5,4
0,69,4,127.56,2
1,45,8,795.22,3
1,28,7,1562,4
1,45,8,747.09,4
0,47,2,2700.5,4
0,69,7,712.43,1
0,27,2,643.81,1
0,27,7,2944.4,4
0,32,3,233.26,4
1,66,4,712.21,3
0,40,5,605.34,4
1,47,3,1726.4,1
0,47,2,1612.4,3
0,44,7,21.76,2
0,36,6,225.81,4
0,85,7,386.98,2
0,58,1,247.95,2
0,57,6,1570.2,4
1,59,3,148.05,1
1,54,1,78.07,1
0,74,8,327.45,2
0,62,4,314.97,2
1,27,1,1879.7,4
0,56,3,943.04,1
1,55,8,507.58,1
1,30,1,146.75,3
1,24,4,1179.7,4
1,54,6,563.44,3
0,53,8,432.22,4
0,56,8,846.27,4
1,66,4,690.64,3
0,32,8,2394.3,4
1,64,1,153.02,3
1,20,7,249.95,4
1,51,7,219.05,4
0,20,5,2755.7,4
1,34,1,962.7,4
0,54,6,127.62,1
1,37,4,524.31,3
0,62,3,329.75,2
1,62,8,738.76,1
1,24,7,243.93,4
0,35,7,428.51,2
0,48,6,395.97,2
0,41,5,75.44,2
0,50,6,2157.6,4
1,68,2,947,1
1,36,7,590.59,3
1,27,4,412.81,1
0,61,2,1906.3,4
0,29,2,1199.5,4
0,64,3,378.79,2
0,23,8,295.73,3
1,41,4,879.88,1
1,39,5,55.08,3
0,61,3,571.83,1
1,23,3,1368.2,4
1,52,7,652.79,1
0,37,6,32.18,2
0,70,3,322.71,2
0,56,3,345.05,4
0,56,3,209.89,2
0,78,7,443.18,2
0,29,5,2953.1,4
0,57,3,2762.8,4
1,53,7,399.06,1
1,34,8,881.24,1
0,63,5,190.69,2
1,71,3,610.8,1
0,31,2,172.65,2
0,30,3,148.78,2
1,31,7,482.23,4
0,37,2,308.78,2
1,68,7,713.65,1
0,31,6,1744.4,1
1,25,6,1261.3,1
0,60,2,808.44,3
1,26,7,621.72,4
1,20,8,254.63,4
0,37,3,625.03,3
0,76,4,441.48,2
0,67,3,470.13,2
1,36,6,783.92,1
0,56,3,417.23,2
1,60,7,529.53,3
1,40,6,221.38,1
0,34,2,386.02,2
0,36,6,1101.1,3
0,33,6,1668.8,3
0,44,5,984.98,4
1,28,4,1912.9,1
1,40,7,993.68,4
1,28,1,249.92,3
0,73,6,41.78,2
0,20,7,1745.9,4
1,37,6,1916.7,4
0,40,6,717.86,1
1,35,8,86.99,3
1,27,5,875.84,4
1,22,4,1050.6,4
0,48,5,411.35,2
1,30,4,632.1,1
0,25,6,234.93,3
0,48,4,1641.5,4
0,42,7,248.74,2
1,38,5,1072.5,4
0,21,2,2176.6,4
1,23,6,1953.3,4
0,32,6,857.16,1
1,49,7,983.12,3
1,44,3,1905.8,4
0,50,2,259.11,1
0,31,1,157.78,2
0,56,3,62.01,2
0,60,8,149.58,2
0,51,7,454.68,4
0,80,4,91.07,2
1,51,5,625.54,4
1,40,3,1361.4,4
1,21,5,929.03,4
0,32,8,342.96,2
0,72,5,283.59,2
0,50,7,1852.4,1
1,20,3,451.95,4
0,50,7,468.97,2
1,37,5,1697.9,4
1,25,1,1270.8,4
1,31,3,994.37,1
1,36,4,275.9,3
0,59,4,2971.4,3
0,28,7,128.58,3
1,50,7,134.97,3
0,46,7,1775.4,4
1,32,3,471.74,1
0,29,6,25.5,2
0,43,8,1654.2,3
0,57,7,1769.4,3
1,50,7,1763.9,1
1,40,6,973.49,1
0,35,4,878.13,1
1,39,1,213.62,1
0,24,4,1094.6,4
1,45,8,420.37,4
1,34,1,87.06,1
1,50,7,245.16,4
1,28,7,640.2,3
0,61,6,468.68,2
0,54,6,83.49,2
1,44,6,1577,4
1,52,7,1081.7,4
1,43,5,1647.2,4
1,42,5,108.64,3
1,35,6,1198.3,4
0,56,8,344.18,2
0,62,4,2403.8,4
0,79,7,72.03,2
0,61,1,1017.8,3
0,32,2,667.74,1
1,33,4,57.95,1
1,22,4,1260.3,4
0,31,2,364.06,2
1,26,7,572.54,4
1,41,4,101.28,3
0,51,6,1254,1
1,49,5,521.17,3
0,40,6,216.02,2
0,62,4,346.75,2
0,39,7,1369.3,4
0,19,8,2495.8,4
0,73,2,115.32,2
1,47,1,1367.1,4
0,38,4,1076.9,3
0,56,5,1047.6,3
0,46,8,2122.4,3
1,53,4,351.26,1
0,34,6,1161.6,4
1,37,1,1878.7,1
0,57,7,249.59,2
0,51,6,673.37,4
0,37,3,2886.2,4
0,29,5,431.2,2
0,35,7,111.06,2
0,39,6,747.82,4
0,57,1,471.64,2
1,45,4,785.72,3
1,52,4,517.37,3
0,67,6,20.17,2
1,63,6,903.68,3
0,29,2,147.24,4
1,25,4,617.47,3
0,61,5,28.28,2
0,70,2,390.58,2
0,19,5,2338.6,3
1,48,2,865.72,3
1,54,4,533.87,4
0,46,5,2007.1,3
0,83,5,464.36,2
1,30,7,92.84,3
0,47,6,2539.6,4
0,25,5,1252.7,1
1,42,2,527.24,3
0,29,6,145,2
1,53,7,959.13,4
0,43,2,2421,4
1,27,2,1095,1
0,33,8,56.58,2
0,56,2,339.44,2
1,30,2,228.58,3
1,44,7,1004.3,4
0,24,4,2815.9,4
0,44,1,358.42,2
1,26,1,1125.2,1
0,51,2,1981.8,4
1,39,5,470.47,1
0,71,2,96.56,2
1,21,5,873.51,4
1,48,7,380.9,3
1,32,2,1742.7,4
1,26,3,1560.9,4
0,33,2,365.16,1
1,55,4,226.56,1
0,58,4,1632,4
1,53,2,445.28,1
0,20,2,459.3,4
0,71,7,333.14,2
1,26,3,1143,4
0,53,7,2994.2,4
1,37,1,987.38,1
1,67,8,795.63,1
0,29,7,2420.2,4
0,52,4,97.41,2
0,34,2,2521,3
0,75,6,270.87,2
1,53,3,404.73,1
1,60,3,429.52,1
1,47,2,271.12,1
1,27,4,777.84,4
1,50,7,148.37,4
0,58,6,1359.9,4
0,38,6,2474.2,4
0,48,3,291.46,2
1,29,5,830.15,1
1,71,4,888.01,1
1,51,2,1213.7,4
1,65,2,270.9,3
1,32,5,845.88,1
1,59,6,684.26,3
1,39,2,1634.7,4
1,34,6,619.03,1
1,28,4,160.98,3
0,63,4,134.76,2
0,49,5,935.15,4
0,65,1,276.19,2
0,75,2,204.02,2
1,35,3,478.21,4
1,65,7,84.29,3
0,49,6,725.92,4
0,34,3,150.95,2
0,66,2,587.72,1
1,42,4,180.58,1
0,60,5,201.95,2
1,30,6,166.66,4
1,26,7,1903.4,4
0,46,2,1589.8,4
0,71,7,354.99,2
0,62,6,2195.8,3
0,82,2,27.9,2
1,44,7,950.82,3
0,53,3,214.49,2
1,71,5,633.8,3
1,25,3,953.57,3
1,48,2,650.49,3
0,69,5,409.94,2
1,45,1,565.37,3
0,18,4,1751.3,4
1,29,4,1287.3,1
1,71,8,220.84,1
1,43,1,498.19,1
0,41,2,274.16,2
1,47,6,544.61,1
0,33,4,418.38,2
1,23,8,57.75,4
0,29,6,390.67,2
1,64,3,497.74,1
1,67,5,394.65,1
1,25,3,1304.3,4
1,40,2,436.04,3
0,45,5,1498.7,4
0,71,4,416.97,2
0,25,7,1337.5,3
1,45,3,430.55,1
1,67,5,746.41,3
1,25,2,130.46,1
0,48,3,2479.8,4
1,57,1,363.38,1
1,48,2,1837,4
0,64,2,395.26,2
1,49,8,979.3,3
1,22,2,1749.4,4
0,54,7,351.32,2
1,54,5,428.4,1
0,53,6,217.33,2
0,51,4,326.72,2
1,24,6,615.74,4
1,51,2,868.67,1
0,44,7,1674.7,3
0,36,4,472.87,3
0,44,8,1817.4,4
0,76,1,472.11,2
0,49,6,1962.3,1
0,54,3,401.73,4
0,67,1,366.99,2
0,66,3,70.79,2
0,53,2,229.5,2
1,38,4,412.22,4
1,55,6,502.69,3
1,33,2,1335,4
0,53,7,2160.1,4
1,29,3,920.46,1
0,60,2,1528.1,4
1,47,1,244.78,1
1,67,5,290.58,3
1,34,2,1555.4,1
1,56,7,746.84,1
0,80,5,226.33,2
0,37,5,2609.1,4
1,40,1,696.65,3
0,40,5,358.4,2
1,28,4,1729.5,4
0,63,3,134.58,2
1,27,5,1341.2,4
0,48,8,211.88,2
1,19,3,998.9,1
1,29,1,359.38,4
1,52,7,1236.5,4
1,54,5,1345.2,4
0,35,7,57.09,2
1,65,3,469.74,1
1,68,7,621.81,3
0,69,3,436.63,2
1,49,4,1637.3,4
1,60,3,844.11,3
0,52,3,157.24,3
1,26,6,139.83,1
0,38,7,961.62,4
0,55,2,2560.3,4
0,32,3,2775.6,4
0,57,2,379.89,2
1,55,5,1073.8,1
0,55,5,2370.5,4
1,29,4,1758.9,1
1,36,5,1828,1
0,57,5,356.3,2
0,53,3,135.89,2
1,29,2,467.56,4
1,28,2,295.26,3
0,82,3,152.61,2
0,48,6,595.85,1
1,33,1,1921.1,4
0,24,7,346.46,4
1,52,7,266.65,4
1,34,2,695.4,3
0,20,5,1987.2,3
0,49,6,284.91,2
0,48,2,2924.6,4
1,68,4,56.92,3
1,45,2,1468.6,4
1,66,5,819.98,3
1,28,3,764.18,4
0,18,5,757.95,4
0,40,6,91.45,2
0,19,5,2100.2,3
0,62,5,270.99,2
0,33,8,1263.5,4
0,42,2,2034.3,3
0,36,7,369.45,2
0,41,2,127.6,2
0,25,2,1974.2,4
1,27,5,467.68,4
0,53,7,2816.4,3
0,52,6,232.21,2
0,56,3,1708.9,4
0,74,3,145.59,2
1,63,2,138.85,3
0,84,7,475.86,2
1,43,8,53.4,3
1,32,6,782.33,1
0,53,1,286.41,2
1,44,2,751.85,4
1,34,6,709.07,1
1,63,7,516.71,1
1,64,1,683.14,1
1,31,5,702.71,1
0,39,6,288.49,2
0,64,5,496.37,1
1,72,3,910.16,3
1,44,2,250.88,3
0,45,6,32.13,2
1,54,7,1291.8,1
1,55,2,1468.4,4
0,82,7,352.01,2
1,43,3,282.97,4
1,57,6,321.26,1
0,61,6,2818.5,4
1,61,6,656.48,3
1,61,4,677.35,1
0,20,6,2666.8,4
0,19,3,2832.8,4
1,23,5,1105.9,4
0,60,5,1012.8,4
1,25,8,375.83,3
0,50,2,168.69,4
0,59,4,219.52,1
0,51,5,411.27,4
0,50,3,307.03,2
0,73,5,178.18,2
0,21,3,1957,1
0,82,5,316.87,2
1,32,3,533.41,3
0,43,4,572.53,4
0,23,5,416.77,4
0,50,8,301.13,2
1,50,5,120.76,3
1,35,2,1452.2,4
0,74,1,259.35,2
1,53,8,530.39,1
0,58,2,2140.2,3
0,45,4,330.85,2
0,62,6,98.02,2
0,81,2,150.8,2
0,81,7,124.95,2
1,23,6,997,4
1,40,3,165.67,4
0,60,7,201.98,2
0,29,2,1766,4
0,40,4,1763.2,3
0,56,2,156.81,2
0,62,4,2821,4
0,75,5,47.34,2
1,31,6,1926.9,1
1,33,2,1193,4
0,53,8,2546,4
0,56,4,336.18,2
1,39,5,77.3,4
1,22,7,942.27,1
1,27,4,661.46,4
0,40,2,218.23,1
0,51,6,343.62,1
1,30,1,724.7,1
1,32,3,1567.8,4
1,22,4,1389.9,4
1,24,4,156.91,1
0,46,6,1508.5,4
0,76,3,358.74,2
0,84,8,241.8,2
0,25,6,2853.5,4
1,49,1,907.15,4
1,72,7,831.12,1
0,32,6,21.39,2
0,30,7,232.38,3
1,48,2,1543.5,4
1,30,3,1424.7,1
0,35,2,221.77,2
0,54,5,1614.7,3
0,29,3,359.14,2
1,28,4,1913.5,4
0,45,4,2638.7,4
1,55,2,537.88,3
1,52,4,620.92,1
1,72,3,636.01,3
1,71,4,162.56,3
1,46,6,117.02,4
0,55,3,255.37,2
0,54,4,456.25,2
0,53,7,1447.9,4
0,50,5,482.57,1
1,42,3,1981.8,4
0,84,6,351.27,2
1,54,2,1567.4,4
1,59,7,427.1,3
1,52,3,954.71,4
0,29,3,1887.4,1
1,29,8,463.47,4
0,69,3,120.81,2
0,69,7,454.42,2
0,34,6,911.76,4
0,28,3,2018,3
0,72,1,342.87,2
0,27,2,1742.4,4
0,61,2,95,2
1,19,2,969.89,1
1,27,4,143.06,3
1,58,1,66.35,3
1,35,3,71.97,1
1,39,4,352.15,4
0,63,1,276.7,2
1,64,5,129.7,3
1,72,4,560.32,1
1,48,6,1571,1
0,79,2,321.59,2
0,26,4,1552,4
1,66,6,682.87,3
1,42,2,718.06,4
1,53,3,652.93,4
1,36,6,1585.3,4
1,38,4,668.35,1
1,42,6,84.91,1
1,20,3,940.76,4
0,27,1,1266.1,4
0,22,6,368.46,4
1,36,3,875.35,1
1,56,6,257.12,1
0,79,5,412.72,2
0,27,7,2906.6,4
0,38,4,45.05,2
0,62,2,661.98,4
1,49,7,140.09,3
0,40,4,303.27,2
0,61,4,949.5,3
0,38,2,292.15,2
1,38,4,297.77,1
0,26,3,132.32,1
1,65,4,583.92,3
0,63,6,227.84,2
0,38,4,8.2,2
0,22,7,889.36,1
0,41,7,404.43,2
0,67,4,26.47,2
0,37,3,262.12,3
1,65,6,483.91,3
0,20,7,371.07,4
1,33,4,1758.8,4
1,21,6,147.2,4
0,50,2,1192.5,4
0,66,3,215.21,2
0,25,5,2790.6,4
0,84,2,204.36,2
0,49,5,69.77,2
0,48,6,598.67,3
1,42,3,693.78,1
1,44,4,628.9,1
1,54,2,650,1
1,38,7,199.42,3
1,51,3,1907,4
0,56,1,271.75,2
1,33,2,1521.9,4
0,52,5,475.86,2
1,27,8,923.54,4
1,30,8,874.71,3
1,25,1,420.67,3
0,50,7,1778,3
0,50,3,150.4,4
0,79,2,141.24,2
1,44,8,723.86,3
0,48,2,2886.6,4
1,41,7,156.07,1
1,32,3,241.91,3
1,31,7,1278.3,4
1,26,3,112.41,3
0,56,8,1364.2,4
1,22,1,1971.6,4
0,39,5,103.3,2
0,58,6,46.91,2
0,61,7,138.37,2
1,37,2,505.75,1
1,32,4,357.88,3
1,61,2,451.53,3
0,25,7,325.61,3
0,25,7,504.74,4
1,48,7,358.31,3
0,40,6,941.82,4
1,73,6,696.43,3
0,48,2,147.23,2
0,45,8,1179.6,4
1,25,1,350.6,4
1,23,7,1222.7,4
1,39,4,477.73,1
1,54,2,1133.7,4
1,32,1,1098.9,4
0,54,6,391.15,2
1,27,2,347.84,3
0,79,1,103.02,2
0,43,8,325.5,2
0,46,2,252.5,2
0,33,1,1940.2,3
0,42,7,352.28,4
0,42,8,248.67,2
1,34,8,1388,4
1,53,4,92.15,4
1,48,3,165.15,3
0,30,7,1304.4,4
0,41,3,485.93,2
1,30,6,979.55,3
0,23,7,384,3
1,44,5,331.39,4
0,51,4,139.78,2
0,43,7,2463.5,4
0,60,6,279.24,2
0,35,3,191.53,2
1,35,4,657.99,1
0,43,7,2856.8,3
0,31,8,425.11,3
1,59,4,802.8,3
0,77,6,110.14,2
